,0,1,2,3,4,5,6,7,8,9,10,11,12,13,14,15,16,17,18,19,20,21,22,23,24,25,26,27,28,29,30,31,32,33,34,35,36,37,38,39,40,41,42,43,44,45,46,47,48,49,50,51,52,53,54,55,56,57,58,59,60,61,62,63,64,65,66,67,68,69,70,71,72,mean
0,1002.2372881355932,882.4979919678715,939.7972350230415,903.094861660079,984.6979166666666,1062.5021645021645,1143.2361809045226,622.5396825396825,978.4223300970874,790.6205357142857,798.3209459459459,1063.9308943089432,895.521568627451,924.519801980198,811.9818181818182,962.974358974359,1249.4414893617022,836.3498349834983,636.0847457627119,976.4681647940075,1230.696261682243,866.2205882352941,1025.6305220883535,826.1883408071749,1236.3203883495146,1059.9469387755103,1025.34375,1235.4702702702702,931.3181818181819,907.0507462686567,744.1704545454545,806.6533333333333,839.4936170212766,792.1681415929204,1194.4421052631578,927.5647482014389,947.6088388440114,1002.2372881355932,882.4979919678715,939.7972350230415,903.094861660079,984.6979166666666,1062.5021645021645,1143.2361809045226,622.5396825396825,978.4223300970874,790.6205357142857,798.3209459459459,1063.9308943089432,895.521568627451,924.519801980198,811.9818181818182,962.974358974359,1249.4414893617022,836.3498349834983,636.0847457627119,976.4681647940075,1230.696261682243,866.2205882352941,1025.6305220883535,826.1883408071749,1236.3203883495146,1059.9469387755103,1025.34375,1235.4702702702702,931.3181818181819,907.0507462686567,744.1704545454545,806.6533333333333,839.4936170212766,792.1681415929204,1194.4421052631578,927.5647482014389,947.6088388440112
1,1181.2916666666667,997.8964143426294,1005.9909090909091,1094.3700787401574,1179.204081632653,1216.9525862068965,1381.320197044335,649.3798449612403,1085.5215311004786,877.9603524229075,851.08,1174.7791164658634,1010.1589147286821,1030.7233009708739,937.3063063063063,1060.0355329949239,1367.0104166666667,943.237012987013,692.0798319327731,1021.7970479704798,1465.6880733944954,949.5555555555555,1137.3346613545816,923.8766519823788,1483.2125603864733,1169.4274193548388,1204.75,1358.0534759358288,1039.6803278688524,1026.4852071005917,847.8609022556391,894.4759825327511,933.3389121338912,858.0478260869565,1363.2020725388602,1037.3607142857143,1068.0679301666628,1181.2916666666667,997.8964143426294,1005.9909090909091,1094.3700787401574,1179.204081632653,1216.9525862068965,1381.320197044335,649.3798449612403,1085.5215311004786,877.9603524229075,851.08,1174.7791164658634,1010.1589147286821,1030.7233009708739,937.3063063063063,1060.0355329949239,1367.0104166666667,943.237012987013,692.0798319327731,1021.7970479704798,1465.6880733944954,949.5555555555555,1137.3346613545816,923.8766519823788,1483.2125603864733,1169.4274193548388,1204.75,1358.0534759358288,1039.6803278688524,1026.4852071005917,847.8609022556391,894.4759825327511,933.3389121338912,858.0478260869565,1363.2020725388602,1037.3607142857143,1068.067930166662
2,1395.2880658436213,1102.3254901960784,1085.0848214285713,1338.9418604651162,1433.135,1426.3809523809523,1644.980487804878,691.1428571428571,1191.9858490566037,970.3157894736842,912.4966887417219,1363.1075697211156,1130.3527131782946,1169.4142857142858,1079.0,1171.9900497512438,1487.1333333333334,1065.1935483870968,775.3166666666667,1066.978102189781,1803.659090909091,1050.5380952380951,1225.6468253968253,1043.9606986899564,1799.1941747572816,1301.6944444444443,1403.594427244582,1504.3862433862435,1180.1097560975609,1165.5953079178885,1011.6404494382023,1013.3347639484979,1030.3609958506224,940.4094827586207,1562.0761421319796,1164.4697508896797,1213.9231883493187,1395.2880658436213,1102.3254901960784,1085.0848214285713,1338.9418604651162,1433.135,1426.3809523809523,1644.980487804878,691.1428571428571,1191.9858490566037,970.3157894736842,912.4966887417219,1363.1075697211156,1130.3527131782946,1169.4142857142858,1079.0,1171.9900497512438,1487.1333333333334,1065.1935483870968,775.3166666666667,1066.978102189781,1803.659090909091,1050.5380952380951,1225.6468253968253,1043.9606986899564,1799.1941747572816,1301.6944444444443,1403.594427244582,1504.3862433862435,1180.1097560975609,1165.5953079178885,1011.6404494382023,1013.3347639484979,1030.3609958506224,940.4094827586207,1562.0761421319796,1164.4697508896797,1213.9231883493185
3,1645.5081967213114,1194.249027237354,1170.1850220264316,1559.1544401544402,1779.512315270936,1723.2251082251082,1923.673076923077,791.3088235294117,1308.786046511628,1111.3391304347826,991.1503267973857,1684.3280632411067,1280.15,1331.0747663551401,1241.8908554572272,1342.8480392156862,1641.1818181818182,1213.9166666666667,910.5416666666666,1104.0143884892086,2279.28125,1172.2196261682243,1296.7936507936508,1177.3133047210301,2209.1073170731706,1431.4375,1560.4890282131662,1698.2947368421053,1356.4274193548388,1325.3855072463768,1240.25,1166.7222222222222,1140.6204081632652,1034.609442060086,1802.5671641791046,1285.4452296819788,1392.3611551340173,1645.5081967213114,1194.249027237354,1170.1850220264316,1559.1544401544402,1779.512315270936,1723.2251082251082,1923.673076923077,791.3088235294117,1308.786046511628,1111.3391304347826,991.1503267973857,1684.3280632411067,1280.15,1331.0747663551401,1241.8908554572272,1342.8480392156862,1641.1818181818182,1213.9166666666667,910.5416666666666,1104.0143884892086,2279.28125,1172.2196261682243,1296.7936507936508,1177.3133047210301,2209.1073170731706,1431.4375,1560.4890282131662,1698.2947368421053,1356.4274193548388,1325.3855072463768,1240.25,1166.7222222222222,1140.6204081632652,1034.609442060086,1802.5671641791046,1285.4452296819788,1392.361155134017
4,1905.9590163934427,1306.972972972973,1250.2445414847161,1713.2605363984674,2262.2195121951218,2126.8,2141.114285714286,907.65,1456.3640552995391,1256.7445887445888,1099.651612903226,2172.266666666667,1455.5687022900763,1483.0,1423.929411764706,1633.626213592233,1833.648514851485,1389.095541401274,1106.6639004149379,1154.125,2913.0833333333335,1322.4193548387098,1361.416,1336.1837606837607,2695.049019607843,1596.9846153846154,1693.5650793650793,1923.3121693121693,1540.562248995984,1495.389534883721,1506.1148148148147,1352.3744680851064,1285.570281124498,1123.6336206896551,2094.421568627451,1419.3333333333333,1603.8421743379947,1905.9590163934427,1306.972972972973,1250.2445414847161,1713.2605363984674,2262.2195121951218,2126.8,2141.114285714286,907.65,1456.3640552995391,1256.7445887445888,1099.651612903226,2172.266666666667,1455.5687022900763,1483.0,1423.929411764706,1633.626213592233,1833.648514851485,1389.095541401274,1106.6639004149379,1154.125,2913.0833333333335,1322.4193548387098,1361.416,1336.1837606837607,2695.049019607843,1596.9846153846154,1693.5650793650793,1923.3121693121693,1540.562248995984,1495.389534883721,1506.1148148148147,1352.3744680851064,1285.570281124498,1123.6336206896551,2094.421568627451,1419.3333333333333,1603.842174337995
5,2190.3211382113823,1458.1800766283525,1336.2576419213974,1865.551330798479,2933.8564593301435,2684.7719298245615,2285.047393364929,1089.5673758865248,1683.4174311926606,1406.3862660944205,1234.8977635782749,2763.078431372549,1650.216730038023,1652.0181818181818,1633.1147058823528,2007.1826923076924,2091.3872549019607,1590.7866242038217,1315.293388429752,1224.4255319148936,3747.116883116883,1528.633484162896,1427.7228915662652,1532.0851063829787,3210.399014778325,1767.8973384030419,1856.475884244373,2188.0157068062827,1722.2988047808765,1656.9273255813953,1761.3566176470588,1572.1106382978724,1468.8577075098815,1225.4224137931035,2402.7548076923076,1539.4564459930314,1852.8691505126917,2190.3211382113823,1458.1800766283525,1336.2576419213974,1865.551330798479,2933.8564593301435,2684.7719298245615,2285.047393364929,1089.5673758865248,1683.4174311926606,1406.3862660944205,1234.8977635782749,2763.078431372549,1650.216730038023,1652.0181818181818,1633.1147058823528,2007.1826923076924,2091.3872549019607,1590.7866242038217,1315.293388429752,1224.4255319148936,3747.116883116883,1528.633484162896,1427.7228915662652,1532.0851063829787,3210.399014778325,1767.8973384030419,1856.475884244373,2188.0157068062827,1722.2988047808765,1656.9273255813953,1761.3566176470588,1572.1106382978724,1468.8577075098815,1225.4224137931035,2402.7548076923076,1539.4564459930314,1852.8691505126926
6,2550.0,1634.2927756653992,1437.657894736842,2045.4792452830188,3780.188679245283,3446.8141592920356,2416.3802816901407,1403.5744680851064,2003.1227272727272,1566.7210300429185,1397.2133757961783,3338.920948616601,1850.6188679245283,1816.5714285714287,1834.6745562130177,2436.8125,2422.9313725490197,1817.0289389067525,1453.877049180328,1312.6985815602836,4786.847161572053,1782.299107142857,1488.8393574297188,1768.139240506329,3721.910447761194,1923.0714285714287,2084.2019543973943,2459.8652849740934,1886.047619047619,1790.3139534883721,1927.1751824817518,1796.1659574468085,1693.2332015810277,1336.3275862068965,2769.852380952381,1688.6909722222222,2135.2377699003814,2550.0,1634.2927756653992,1437.657894736842,2045.4792452830188,3780.188679245283,3446.8141592920356,2416.3802816901407,1403.5744680851064,2003.1227272727272,1566.7210300429185,1397.2133757961783,3338.920948616601,1850.6188679245283,1816.5714285714287,1834.6745562130177,2436.8125,2422.9313725490197,1817.0289389067525,1453.877049180328,1312.6985815602836,4786.847161572053,1782.299107142857,1488.8393574297188,1768.139240506329,3721.910447761194,1923.0714285714287,2084.2019543973943,2459.8652849740934,1886.047619047619,1790.3139534883721,1927.1751824817518,1796.1659574468085,1693.2332015810277,1336.3275862068965,2769.852380952381,1688.6909722222222,2135.2377699003823
7,2953.2195121951218,1790.375,1542.671052631579,2243.569288389513,4699.130232558139,4434.798206278027,2643.3349056603774,1988.049645390071,2373.665158371041,1708.2640692640693,1558.2619808306708,3814.384,2072.6566037735847,1984.7092511013216,2054.6331360946747,2884.186602870813,2800.318407960199,2068.188311688312,1524.8536585365853,1409.854609929078,5903.6419213973795,2034.5442477876106,1554.7349397590363,2047.563025210084,4166.713567839196,2054.3074074074075,2383.2093023255816,2685.3886010362694,2069.1462450592885,1884.271137026239,2017.9120879120878,2006.263829787234,1916.8412698412699,1459.53711790393,3182.8009478672984,1847.8793103448277,2437.88551644522,2953.2195121951218,1790.375,1542.671052631579,2243.569288389513,4699.130232558139,4434.798206278027,2643.3349056603774,1988.049645390071,2373.665158371041,1708.2640692640693,1558.2619808306708,3814.384,2072.6566037735847,1984.7092511013216,2054.6331360946747,2884.186602870813,2800.318407960199,2068.188311688312,1524.8536585365853,1409.854609929078,5903.6419213973795,2034.5442477876106,1554.7349397590363,2047.563025210084,4166.713567839196,2054.3074074074075,2383.2093023255816,2685.3886010362694,2069.1462450592885,1884.271137026239,2017.9120879120878,2006.263829787234,1916.8412698412699,1459.53711790393,3182.8009478672984,1847.8793103448277,2437.8855164452216
8,3346.6897959183675,1917.2366412213742,1655.132743362832,2443.873134328358,5575.182242990654,5481.877272727273,3000.6824644549765,2851.446808510638,2707.0227272727275,1832.8105726872247,1706.373801916933,4183.568548387097,2328.6425855513307,2136.35807860262,2315.2218934911243,3434.7224880382773,3237.7688442211056,2321.5686274509803,1609.6935483870968,1492.9750889679715,7151.8458149779735,2297.6769911504425,1621.641129032258,2351.0632911392404,4561.046153846154,2166.2773722627735,2742.5084175084176,2918.3419689119173,2245.2529644268775,1930.1173020527858,2044.819188191882,2206.852813852814,2159.0753968253966,1596.1277533039647,3560.5,2009.5379310344827,2753.931455472399,3346.6897959183675,1917.2366412213742,1655.132743362832,2443.873134328358,5575.182242990654,5481.877272727273,3000.6824644549765,2851.446808510638,2707.0227272727275,1832.8105726872247,1706.373801916933,4183.568548387097,2328.6425855513307,2136.35807860262,2315.2218934911243,3434.7224880382773,3237.7688442211056,2321.5686274509803,1609.6935483870968,1492.9750889679715,7151.8458149779735,2297.6769911504425,1621.641129032258,2351.0632911392404,4561.046153846154,2166.2773722627735,2742.5084175084176,2918.3419689119173,2245.2529644268775,1930.1173020527858,2044.819188191882,2206.852813852814,2159.0753968253966,1596.1277533039647,3560.5,2009.5379310344827,2753.9314554723987
9,3669.3786008230454,2026.2062256809338,1776.929203539823,2668.066914498141,6235.473684210527,6397.018518518518,3629.019047619048,3919.460431654676,3004.380733944954,1950.5555555555557,1835.9483870967742,4549.383673469388,2582.4883720930234,2267.4166666666665,2597.186943620178,4025.354368932039,3734.7948717948716,2582.7730263157896,1826.784,1573.682142857143,8447.401785714286,2525.0575221238937,1665.6774193548388,2699.863247863248,4972.062176165803,2279.0252707581226,3127.4402730375427,3133.0051813471505,2444.1309523809523,1932.9347181008902,2052.936329588015,2354.6283185840707,2453.7301587301586,1743.2556053811659,3918.622641509434,2147.4275862068966,3076.375015437154,3669.3786008230454,2026.2062256809338,1776.929203539823,2668.066914498141,6235.473684210527,6397.018518518518,3629.019047619048,3919.460431654676,3004.380733944954,1950.5555555555557,1835.9483870967742,4549.383673469388,2582.4883720930234,2267.4166666666665,2597.186943620178,4025.354368932039,3734.7948717948716,2582.7730263157896,1826.784,1573.682142857143,8447.401785714286,2525.0575221238937,1665.6774193548388,2699.863247863248,4972.062176165803,2279.0252707581226,3127.4402730375427,3133.0051813471505,2444.1309523809523,1932.9347181008902,2052.936329588015,2354.6283185840707,2453.7301587301586,1743.2556053811659,3918.622641509434,2147.4275862068966,3076.3750154371533
10,3936.4,2137.806324110672,1912.5855855855855,2921.6222222222223,6384.220588235294,7044.92380952381,4600.565853658537,5160.89928057554,3238.572093023256,2044.626126126126,1965.8300653594772,4971.551440329218,2838.547244094488,2367.1238938053098,2876.4320241691844,4492.311881188119,4234.7947368421055,2885.0631229235883,2268.496,1667.046762589928,9648.518018018018,2717.224215246637,1687.2682926829268,3110.991266375546,5501.4,2411.859712230216,3519.9444444444443,3390.812834224599,2650.236,1917.6876876876877,2027.5877862595419,2468.545045045045,2762.604,1898.7013574660634,4283.841346153846,2257.0,3394.545585005473,3936.4,2137.806324110672,1912.5855855855855,2921.6222222222223,6384.220588235294,7044.92380952381,4600.565853658537,5160.89928057554,3238.572093023256,2044.626126126126,1965.8300653594772,4971.551440329218,2838.547244094488,2367.1238938053098,2876.4320241691844,4492.311881188119,4234.7947368421055,2885.0631229235883,2268.496,1667.046762589928,9648.518018018018,2717.224215246637,1687.2682926829268,3110.991266375546,5501.4,2411.859712230216,3519.9444444444443,3390.812834224599,2650.236,1917.6876876876877,2027.5877862595419,2468.545045045045,2762.604,1898.7013574660634,4283.841346153846,2257.0,3394.545585005474
11,4228.865546218487,2262.0,2039.3394495412845,3175.4163568773233,6246.59,7426.044117647059,5708.621890547263,6558.423357664234,3474.1047619047617,2144.5636363636363,2110.3056478405315,5436.721518987341,3058.7991967871485,2441.42600896861,3063.435582822086,4729.045,4721.6720430107525,3192.7792642140466,2878.32,1756.92,10767.261467889908,2894.5136363636366,1676.760162601626,3540.4598214285716,6139.580645161291,2606.605072463768,3834.3368794326243,3704.853260869565,2877.576612903226,1899.951367781155,2021.5426356589148,2538.188940092166,3074.7206477732793,2061.470319634703,4600.410891089109,2339.6493055555557,3700.868751280379,4228.865546218487,2262.0,2039.3394495412845,3175.4163568773233,6246.59,7426.044117647059,5708.621890547263,6558.423357664234,3474.1047619047617,2144.5636363636363,2110.3056478405315,5436.721518987341,3058.7991967871485,2441.42600896861,3063.435582822086,4729.045,4721.6720430107525,3192.7792642140466,2878.32,1756.92,10767.261467889908,2894.5136363636366,1676.760162601626,3540.4598214285716,6139.580645161291,2606.605072463768,3834.3368794326243,3704.853260869565,2877.576612903226,1899.951367781155,2021.5426356589148,2538.188940092166,3074.7206477732793,2061.470319634703,4600.410891089109,2339.6493055555557,3700.86875128038
12,4606.775423728814,2360.5473251028807,2138.5707547169814,3365.8475836431226,5961.484536082474,7572.41,6614.897959183673,7905.248175182482,3649.6813725490197,2246.7429906542056,2268.373737373737,5869.901287553648,3279.565573770492,2552.0825688073396,3154.4596273291927,4684.085858585859,5167.422222222222,3531.4848484848485,3484.582995951417,1866.6190476190477,11876.766355140187,3078.1481481481483,1670.594262295082,4022.771689497717,7030.628415300546,2837.243636363636,4086.356115107914,4087.088888888889,3098.0975609756097,1900.0092307692307,2009.600790513834,2585.239436619718,3352.3086419753085,2256.3179723502303,4971.015306122449,2380.3636363636365,3986.7592770826004,4606.775423728814,2360.5473251028807,2138.5707547169814,3365.8475836431226,5961.484536082474,7572.41,6614.897959183673,7905.248175182482,3649.6813725490197,2246.7429906542056,2268.373737373737,5869.901287553648,3279.565573770492,2552.0825688073396,3154.4596273291927,4684.085858585859,5167.422222222222,3531.4848484848485,3484.582995951417,1866.6190476190477,11876.766355140187,3078.1481481481483,1670.594262295082,4022.771689497717,7030.628415300546,2837.243636363636,4086.356115107914,4087.088888888889,3098.0975609756097,1900.0092307692307,2009.600790513834,2585.239436619718,3352.3086419753085,2256.3179723502303,4971.015306122449,2380.3636363636365,3986.7592770826
13,5160.650862068966,2422.9240506329115,2227.487922705314,3495.2284644194756,5658.063492063492,7643.3948717948715,7103.229166666667,9116.817518248175,3830.203045685279,2368.4736842105262,2439.667808219178,6219.644736842105,3441.3,2662.868544600939,3187.7295597484276,4483.819587628866,5558.846590909091,3916.59793814433,3818.9795918367345,1986.0706319702601,12976.535885167465,3287.0616113744077,1665.4439834024897,4581.609302325582,8141.74011299435,3090.893772893773,4302.728937728938,4405.241379310345,3351.4139344262294,1913.8660436137072,1984.3927125506073,2634.2884615384614,3714.3765690376567,2443.4460093896714,5338.588541666667,2394.2332155477034,4249.107181704546,5160.650862068966,2422.9240506329115,2227.487922705314,3495.2284644194756,5658.063492063492,7643.3948717948715,7103.229166666667,9116.817518248175,3830.203045685279,2368.4736842105262,2439.667808219178,6219.644736842105,3441.3,2662.868544600939,3187.7295597484276,4483.819587628866,5558.846590909091,3916.59793814433,3818.9795918367345,1986.0706319702601,12976.535885167465,3287.0616113744077,1665.4439834024897,4581.609302325582,8141.74011299435,3090.893772893773,4302.728937728938,4405.241379310345,3351.4139344262294,1913.8660436137072,1984.3927125506073,2634.2884615384614,3714.3765690376567,2443.4460093896714,5338.588541666667,2394.2332155477034,4249.107181704543
14,6051.371179039302,2473.8369098712446,2293.8465346534654,3653.0798479087453,5347.03825136612,7656.857894736842,7422.575268817204,10106.080291970802,4101.0625,2465.5566502463053,2575.63986013986,6432.504464285715,3591.3702127659576,2801.0625,3173.3846153846152,4155.913978494624,5918.169590643275,4302.4668989547035,3895.690082644628,2071.1297709923665,13946.024390243903,3575.4341463414635,1657.523404255319,5187.6746411483255,9283.508771929824,3355.67037037037,4482.472118959108,4758.443786982249,3670.276859504132,1908.5601265822784,1964.4814814814815,2661.9554455445545,4118.148936170212,2631.650717703349,5755.449197860962,2394.615107913669,4495.570189052973,6051.371179039302,2473.8369098712446,2293.8465346534654,3653.0798479087453,5347.03825136612,7656.857894736842,7422.575268817204,10106.080291970802,4101.0625,2465.5566502463053,2575.63986013986,6432.504464285715,3591.3702127659576,2801.0625,3173.3846153846152,4155.913978494624,5918.169590643275,4302.4668989547035,3895.690082644628,2071.1297709923665,13946.024390243903,3575.4341463414635,1657.523404255319,5187.6746411483255,9283.508771929824,3355.67037037037,4482.472118959108,4758.443786982249,3670.276859504132,1908.5601265822784,1964.4814814814815,2661.9554455445545,4118.148936170212,2631.650717703349,5755.449197860962,2394.615107913669,4495.570189052973
15,7391.424107142857,2498.3013100436683,2323.786802030457,3834.3474903474903,5207.782122905028,7577.978378378379,7902.839779005525,11007.015151515152,4372.547872340426,2542.2663316582916,2674.2277580071172,6554.497695852535,3776.1391304347826,2959.3880597014927,3096.12012987013,3869.0164835164837,6270.624242424243,4687.640569395018,3929.383966244726,2188.3565891472867,14919.24,3893.507462686567,1673.6434782608696,5831.413793103448,10539.036144578313,3638.6882129277565,4668.511363636364,5094.814814814815,4083.6118143459917,1926.016129032258,1924.3933054393306,2691.715736040609,4514.116883116883,2748.1029411764707,6277.183333333333,2368.6861313868612,4762.6768198289155,7391.424107142857,2498.3013100436683,2323.786802030457,3834.3474903474903,5207.782122905028,7577.978378378379,7902.839779005525,11007.015151515152,4372.547872340426,2542.2663316582916,2674.2277580071172,6554.497695852535,3776.1391304347826,2959.3880597014927,3096.12012987013,3869.0164835164837,6270.624242424243,4687.640569395018,3929.383966244726,2188.3565891472867,14919.24,3893.507462686567,1673.6434782608696,5831.413793103448,10539.036144578313,3638.6882129277565,4668.511363636364,5094.814814814815,4083.6118143459917,1926.016129032258,1924.3933054393306,2691.715736040609,4514.116883116883,2748.1029411764707,6277.183333333333,2368.6861313868612,4762.676819828914
16,9076.168949771689,2510.775784753363,2333.3697916666665,4055.7686274509806,5176.201149425287,7516.122222222222,8685.52840909091,12179.42857142857,4610.226519337017,2630.860824742268,2781.2815884476536,6617.443396226415,3990.3141592920356,3109.233502538071,3035.4257425742576,3701.431818181818,6608.012422360249,5012.909747292419,4000.8884120171674,2317.6614173228345,15704.31794871795,4176.535714285715,1672.8933333333334,6473.161616161616,11472.325,3946.3046875,4916.640926640926,5412.025316455696,4690.982758620689,1924.4918032786886,1880.6025641025642,2711.502590673575,4839.070796460177,2813.656565656566,6888.925714285714,2319.8104089219332,5049.786133367696,9076.168949771689,2510.775784753363,2333.3697916666665,4055.7686274509806,5176.201149425287,7516.122222222222,8685.52840909091,12179.42857142857,4610.226519337017,2630.860824742268,2781.2815884476536,6617.443396226415,3990.3141592920356,3109.233502538071,3035.4257425742576,3701.431818181818,6608.012422360249,5012.909747292419,4000.8884120171674,2317.6614173228345,15704.31794871795,4176.535714285715,1672.8933333333334,6473.161616161616,11472.325,3946.3046875,4916.640926640926,5412.025316455696,4690.982758620689,1924.4918032786886,1880.6025641025642,2711.502590673575,4839.070796460177,2813.656565656566,6888.925714285714,2319.8104089219332,5049.786133367695
17,10730.873831775702,2520.256880733945,2364.529411764706,4268.172,5182.244047619048,7435.005780346821,9556.455621301775,13224.442622950819,4908.284090909091,2709.5106382978724,2860.202205882353,6636.555555555556,4250.481981981982,3197.0314136125653,3043.154882154882,3646.3882352941177,6967.884615384615,5321.069852941177,4114.929824561404,2485.847389558233,16277.089947089948,4391.984293193717,1667.5863636363636,7054.046632124352,12122.070967741936,4200.956349206349,5168.117647058823,5784.664473684211,5468.149779735682,1924.56146179402,1834.8458149779735,2785.8770053475937,5084.873303167421,2793.1347150259066,7635.198830409357,2256.2727272727275,5329.798644280363,10730.873831775702,2520.256880733945,2364.529411764706,4268.172,5182.244047619048,7435.005780346821,9556.455621301775,13224.442622950819,4908.284090909091,2709.5106382978724,2860.202205882353,6636.555555555556,4250.481981981982,3197.0314136125653,3043.154882154882,3646.3882352941177,6967.884615384615,5321.069852941177,4114.929824561404,2485.847389558233,16277.089947089948,4391.984293193717,1667.5863636363636,7054.046632124352,12122.070967741936,4200.956349206349,5168.117647058823,5784.664473684211,5468.149779735682,1924.56146179402,1834.8458149779735,2785.8770053475937,5084.873303167421,2793.1347150259066,7635.198830409357,2256.2727272727275,5329.798644280362
18,12023.033492822966,2490.9154929577467,2391.022099447514,4454.661224489796,5237.2760736196315,7453.166666666667,10531.615853658537,14068.99152542373,5087.918128654971,2777.8196721311474,2892.214285714286,6570.8267326732675,4558.832558139535,3235.2648648648646,3125.917808219178,3695.0975609756097,7262.04,5548.914179104478,4206.468468468468,2704.3636363636365,16529.77049180328,4493.016216216216,1649.7897196261683,7422.720430107527,12661.713333333333,4433.138775510204,5293.212851405622,6275.619047619048,6389.995475113122,1922.8215488215487,1808.5291479820628,2829.469945355191,5276.539170506912,2728.5714285714284,8480.042682926829,2169.55,5574.4683497026235,12023.033492822966,2490.9154929577467,2391.022099447514,4454.661224489796,5237.2760736196315,7453.166666666667,10531.615853658537,14068.99152542373,5087.918128654971,2777.8196721311474,2892.214285714286,6570.8267326732675,4558.832558139535,3235.2648648648646,3125.917808219178,3695.0975609756097,7262.04,5548.914179104478,4206.468468468468,2704.3636363636365,16529.77049180328,4493.016216216216,1649.7897196261683,7422.720430107527,12661.713333333333,4433.138775510204,5293.212851405622,6275.619047619048,6389.995475113122,1922.8215488215487,1808.5291479820628,2829.469945355191,5276.539170506912,2728.5714285714284,8480.042682926829,2169.55,5574.468349702623
19,12866.89705882353,2414.4444444444443,2462.074285714286,4548.157676348547,5290.229299363057,7425.919753086419,11604.867924528302,14743.991228070176,5276.198795180723,2762.3050847457625,2890.3015267175574,6437.872448979592,4775.185714285714,3218.6222222222223,3254.055944055944,3768.60625,7489.441379310345,5692.615969581749,4322.128440366972,2943.5611814345993,16215.033898305084,4434.145251396648,1647.6714285714286,7635.736263736264,13095.781690140846,4668.788381742738,5360.684426229508,6663.5,7239.9861751152075,1926.748275862069,1808.9817351598174,2863.752808988764,5414.872037914692,2651.0054644808743,9142.440251572327,2071.9448818897636,5750.793044399055,12866.89705882353,2414.4444444444443,2462.074285714286,4548.157676348547,5290.229299363057,7425.919753086419,11604.867924528302,14743.991228070176,5276.198795180723,2762.3050847457625,2890.3015267175574,6437.872448979592,4775.185714285714,3218.6222222222223,3254.055944055944,3768.60625,7489.441379310345,5692.615969581749,4322.128440366972,2943.5611814345993,16215.033898305084,4434.145251396648,1647.6714285714286,7635.736263736264,13095.781690140846,4668.788381742738,5360.684426229508,6663.5,7239.9861751152075,1926.748275862069,1808.9817351598174,2863.752808988764,5414.872037914692,2651.0054644808743,9142.440251572327,2071.9448818897636,5750.793044399056
20,13381.823232323231,2339.727722772277,2523.847953216374,4570.465811965812,5269.1578947368425,7403.636942675159,12460.183006535948,15306.871559633028,5329.1509433962265,2715.360465116279,2885.501945525292,6328.874345549738,4929.687804878049,3229.8793103448274,3358.334519572954,3865.279220779221,7662.8,5807.472868217054,4402.353773584906,3106.321888412017,15906.040462427745,4320.022988505747,1636.039603960396,7614.771428571428,13392.108695652174,4883.271186440678,5270.1596638655465,6890.231343283582,8074.306603773585,1932.5349650349651,1803.3831775700935,2902.8779069767443,5444.8,2559.598870056497,9651.598684210527,1964.0963855421687,5864.515921530753,13381.823232323231,2339.727722772277,2523.847953216374,4570.465811965812,5269.1578947368425,7403.636942675159,12460.183006535948,15306.871559633028,5329.1509433962265,2715.360465116279,2885.501945525292,6328.874345549738,4929.687804878049,3229.8793103448274,3358.334519572954,3865.279220779221,7662.8,5807.472868217054,4402.353773584906,3106.321888412017,15906.040462427745,4320.022988505747,1636.039603960396,7614.771428571428,13392.108695652174,4883.271186440678,5270.1596638655465,6890.231343283582,8074.306603773585,1932.5349650349651,1803.3831775700935,2902.8779069767443,5444.8,2559.598870056497,9651.598684210527,1964.0963855421687,5864.515921530751
21,13458.79381443299,2252.507614213198,2592.212121212121,4509.362445414848,5313.124137931034,7416.205298013245,12980.448979591836,16404.514285714286,5391.4,2570.775757575758,2892.1746031746034,6217.139784946236,5016.243781094528,3235.4226190476193,3412.6581818181817,4022.3061224489797,7751.873134328358,5996.699604743083,4417.56038647343,3205.308370044053,15543.993975903615,4117.065476190476,1607.2474747474748,7305.417647058824,13761.161538461538,5083.982683982684,5131.5364806866955,6886.361538461539,8858.699029126214,1930.1814946619218,1810.951690821256,2915.921686746988,5391.855721393034,2492.9767441860463,9922.176870748299,1868.004081632653,5935.674032695211,13458.79381443299,2252.507614213198,2592.212121212121,4509.362445414848,5313.124137931034,7416.205298013245,12980.448979591836,16404.514285714286,5391.4,2570.775757575758,2892.1746031746034,6217.139784946236,5016.243781094528,3235.4226190476193,3412.6581818181817,4022.3061224489797,7751.873134328358,5996.699604743083,4417.56038647343,3205.308370044053,15543.993975903615,4117.065476190476,1607.2474747474748,7305.417647058824,13761.161538461538,5083.982683982684,5131.5364806866955,6886.361538461539,8858.699029126214,1930.1814946619218,1810.951690821256,2915.921686746988,5391.855721393034,2492.9767441860463,9922.176870748299,1868.004081632653,5935.674032695213
22,13243.243386243386,2159.3315789473686,2641.3797468354433,4400.772321428572,5318.771428571428,7551.172413793103,13136.669014084508,18005.772277227723,5317.154362416108,2411.975,2901.7044534412958,6122.905027932961,5061.779487179487,3210.901234567901,3414.0932835820895,4226.654929577465,7862.527559055118,6240.461538461538,4348.876237623763,3305.9909502262444,15284.335403726707,3934.6543209876545,1587.0989583333333,6942.993975903614,13720.944,5235.362831858407,5014.929515418502,6845.967741935484,9467.522388059702,1916.8659420289855,1808.1674876847292,2924.8695652173915,5301.927835051546,2441.421686746988,10159.757142857143,1756.887029288703,5978.495612674846,13243.243386243386,2159.3315789473686,2641.3797468354433,4400.772321428572,5318.771428571428,7551.172413793103,13136.669014084508,18005.772277227723,5317.154362416108,2411.975,2901.7044534412958,6122.905027932961,5061.779487179487,3210.901234567901,3414.0932835820895,4226.654929577465,7862.527559055118,6240.461538461538,4348.876237623763,3305.9909502262444,15284.335403726707,3934.6543209876545,1587.0989583333333,6942.993975903614,13720.944,5235.362831858407,5014.929515418502,6845.967741935484,9467.522388059702,1916.8659420289855,1808.1674876847292,2924.8695652173915,5301.927835051546,2441.421686746988,10159.757142857143,1756.887029288703,5978.495612674846
23,12708.83606557377,2099.8817204301076,2664.9539473684213,4267.824884792627,5304.328358208955,7725.652173913043,12737.125,20136.123711340206,5305.118055555556,2261.6470588235293,2897.954356846473,5998.793103448276,5100.481481481482,3208.643312101911,3373.410646387833,4481.562962962963,8073.94214876033,6498.520661157025,4162.598984771574,3394.6589861751154,15069.23717948718,3728.1265822784812,1555.5913978494623,6468.704402515723,13378.381355932202,5399.226244343891,4920.7657657657655,6721.983193277311,10126.97461928934,1900.6531365313654,1804.6479591836735,2985.474358974359,5158.407407407408,2379.075,10379.162962962962,1641.41452991453,6000.552325439246,12708.83606557377,2099.8817204301076,2664.9539473684213,4267.824884792627,5304.328358208955,7725.652173913043,12737.125,20136.123711340206,5305.118055555556,2261.6470588235293,2897.954356846473,5998.793103448276,5100.481481481482,3208.643312101911,3373.410646387833,4481.562962962963,8073.94214876033,6498.520661157025,4162.598984771574,3394.6589861751154,15069.23717948718,3728.1265822784812,1555.5913978494623,6468.704402515723,13378.381355932202,5399.226244343891,4920.7657657657655,6721.983193277311,10126.97461928934,1900.6531365313654,1804.6479591836735,2985.474358974359,5158.407407407408,2379.075,10379.162962962962,1641.41452991453,6000.552325439246
24,11951.511235955057,2041.2222222222222,2701.4931506849316,4085.8207547169814,4965.4682539682535,7996.666666666667,11888.91472868217,22276.322580645163,5085.58394160584,2099.3673469387754,2871.7881355932204,5906.65868263473,5239.31693989071,3158.2466666666664,3382.7890625,4778.507692307692,8413.632478632479,6722.789915966387,3927.089005235602,3482.042857142857,14966.899328859061,3554.14,1542.8011049723757,6063.901960784314,12964.842105263158,5479.818604651163,4860.208333333333,6624.763157894737,10846.078534031414,1866.154716981132,1810.8167539267015,3015.1476510067114,5036.923913043478,2308.5354838709677,10683.070866141732,1521.532751091703,6003.357432903012,11951.511235955057,2041.2222222222222,2701.4931506849316,4085.8207547169814,4965.4682539682535,7996.666666666667,11888.91472868217,22276.322580645163,5085.58394160584,2099.3673469387754,2871.7881355932204,5906.65868263473,5239.31693989071,3158.2466666666664,3382.7890625,4778.507692307692,8413.632478632479,6722.789915966387,3927.089005235602,3482.042857142857,14966.899328859061,3554.14,1542.8011049723757,6063.901960784314,12964.842105263158,5479.818604651163,4860.208333333333,6624.763157894737,10846.078534031414,1866.154716981132,1810.8167539267015,3015.1476510067114,5036.923913043478,2308.5354838709677,10683.070866141732,1521.532751091703,6003.357432903009
25,11247.453488372093,2028.942528735632,2691.45,3931.6666666666665,4635.9504132231405,8082.248,11138.951219512195,24050.426966292136,4798.346153846154,1946.2887323943662,2851.6363636363635,5780.388888888889,5388.168539325843,3088.230769230769,3449.044,4999.20325203252,8912.1,6927.796536796537,3673.516129032258,3521.4243902439025,15053.5625,3344.593103448276,1549.057803468208,5681.646258503401,12423.222222222223,5465.673076923077,4787.952380952381,6580.688073394495,11453.827956989247,1832.0346153846153,1814.3567567567568,3017.1944444444443,4937.297752808989,2225.6644295302012,10956.262295081968,1407.6830357142858,5990.943048440334,11247.453488372093,2028.942528735632,2691.45,3931.6666666666665,4635.9504132231405,8082.248,11138.951219512195,24050.426966292136,4798.346153846154,1946.2887323943662,2851.6363636363635,5780.388888888889,5388.168539325843,3088.230769230769,3449.044,4999.20325203252,8912.1,6927.796536796537,3673.516129032258,3521.4243902439025,15053.5625,3344.593103448276,1549.057803468208,5681.646258503401,12423.222222222223,5465.673076923077,4787.952380952381,6580.688073394495,11453.827956989247,1832.0346153846153,1814.3567567567568,3017.1944444444443,4937.297752808989,2225.6644295302012,10956.262295081968,1407.6830357142858,5990.943048440331
26,10726.680722891566,2018.2650602409637,2662.684210526316,3768.925,4214.0,8075.83193277311,10158.04347826087,24969.811764705883,4596.650406504065,1851.2592592592594,2790.8230088495575,5771.741935483871,5623.220930232558,2999.0434782608695,3449.8271604938273,5273.146551724138,9303.663461538461,7127.756637168141,3475.7277777777776,3498.4875621890546,15425.627737226278,3184.0863309352517,1542.473372781065,5307.0142857142855,11531.872549019608,5392.294117647059,4708.394088669951,6343.097087378641,11843.9,1780.45703125,1848.4022346368715,3011.0285714285715,4859.85632183908,2123.781690140845,11324.362068965518,1313.0229357798164,5941.535021174808,10726.680722891566,2018.2650602409637,2662.684210526316,3768.925,4214.0,8075.83193277311,10158.04347826087,24969.811764705883,4596.650406504065,1851.2592592592594,2790.8230088495575,5771.741935483871,5623.220930232558,2999.0434782608695,3449.8271604938273,5273.146551724138,9303.663461538461,7127.756637168141,3475.7277777777776,3498.4875621890546,15425.627737226278,3184.0863309352517,1542.473372781065,5307.0142857142855,11531.872549019608,5392.294117647059,4708.394088669951,6343.097087378641,11843.9,1780.45703125,1848.4022346368715,3011.0285714285715,4859.85632183908,2123.781690140845,11324.362068965518,1313.0229357798164,5941.535021174806
27,10320.55900621118,1990.0864197530864,2612.5,3633.7384615384617,3941.440366972477,7999.345132743363,9478.60909090909,25227.975308641977,4410.572649572649,1735.676923076923,2732.2,5679.099337748345,5885.275449101797,2897.0615384615385,3396.0811965811968,5565.825688073394,9745.505050505051,7329.986486486487,3343.2816091954023,3434.481865284974,15729.738461538462,3048.037878787879,1569.8220858895706,4984.154411764706,10219.072916666666,5292.155778894472,4609.592964824121,6380.783505154639,12249.522988505747,1737.804780876494,1884.6531791907514,2935.320895522388,4795.7202380952385,2013.7591240875913,11783.336363636363,1226.214953271028,5883.860891876764,10320.55900621118,1990.0864197530864,2612.5,3633.7384615384617,3941.440366972477,7999.345132743363,9478.60909090909,25227.975308641977,4410.572649572649,1735.676923076923,2732.2,5679.099337748345,5885.275449101797,2897.0615384615385,3396.0811965811968,5565.825688073394,9745.505050505051,7329.986486486487,3343.2816091954023,3434.481865284974,15729.738461538462,3048.037878787879,1569.8220858895706,4984.154411764706,10219.072916666666,5292.155778894472,4609.592964824121,6380.783505154639,12249.522988505747,1737.804780876494,1884.6531791907514,2935.320895522388,4795.7202380952385,2013.7591240875913,11783.336363636363,1226.214953271028,5883.860891876765
28,9798.33116883117,1972.7261146496814,2530.225,3510.6,3762.0098039215686,7893.7009345794395,8837.932692307691,25484.922077922078,4188.436363636363,1621.184,2678.0,5577.548611111111,6002.408805031447,2786.552,3266.6140350877195,5747.5,10008.22105263158,7435.912442396313,3261.311377245509,3304.654255319149,15796.260162601626,2944.468253968254,1590.5159235668789,4572.5546875,8780.681318681318,5076.860103626943,4476.701030927835,6024.125,12721.03550295858,1693.8373983739837,1937.547619047619,2836.1007751937987,4748.018404907975,1878.8076923076924,12345.67619047619,1149.6666666666667,5784.490207374339,9798.33116883117,1972.7261146496814,2530.225,3510.6,3762.0098039215686,7893.7009345794395,8837.932692307691,25484.922077922078,4188.436363636363,1621.184,2678.0,5577.548611111111,6002.408805031447,2786.552,3266.6140350877195,5747.5,10008.22105263158,7435.912442396313,3261.311377245509,3304.654255319149,15796.260162601626,2944.468253968254,1590.5159235668789,4572.5546875,8780.681318681318,5076.860103626943,4476.701030927835,6024.125,12721.03550295858,1693.8373983739837,1937.547619047619,2836.1007751937987,4748.018404907975,1878.8076923076924,12345.67619047619,1149.6666666666667,5784.490207374339
29,9180.662162162162,1931.8120805369128,2436.8053097345132,3401.7243243243242,3677.351063829787,7840.17,8518.072916666666,26018.45205479452,4083.0384615384614,1458.3025210084033,2635.3014354066986,5269.934782608696,6082.948051948052,2713.330508474576,3118.1461187214613,5892.464646464647,9886.954545454546,7399.885714285714,3166.635802469136,3230.2677595628415,15795.307692307691,2853.235294117647,1625.5266666666666,4248.917355371901,7584.883720930233,4781.386243386243,4289.8395721925135,5979.831325301205,13122.609756097561,1636.2833333333333,1980.8944099378882,2662.3032786885246,4679.96178343949,1748.861788617886,12985.131313131313,1081.6305418719212,5694.412898205115,9180.662162162162,1931.8120805369128,2436.8053097345132,3401.7243243243242,3677.351063829787,7840.17,8518.072916666666,26018.45205479452,4083.0384615384614,1458.3025210084033,2635.3014354066986,5269.934782608696,6082.948051948052,2713.330508474576,3118.1461187214613,5892.464646464647,9886.954545454546,7399.885714285714,3166.635802469136,3230.2677595628415,15795.307692307691,2853.235294117647,1625.5266666666666,4248.917355371901,7584.883720930233,4781.386243386243,4289.8395721925135,5979.831325301205,13122.609756097561,1636.2833333333333,1980.8944099378882,2662.3032786885246,4679.96178343949,1748.861788617886,12985.131313131313,1081.6305418719212,5694.412898205115
30,8460.17730496454,1890.4859154929577,2350.559633027523,3314.1005586592178,3596.6363636363635,7749.913978494624,8325.263736263736,27131.565217391304,3883.377551020408,1333.580357142857,2563.689655172414,5056.770992366412,6029.959459459459,2604.787610619469,2926.7772511848343,5985.242105263158,9454.341463414634,7210.751219512195,3053.019108280255,3181.938202247191,15949.223214285714,2724.7368421052633,1658.763888888889,3945.4608695652173,6338.3875,4453.67032967033,4075.972375690608,5743.934210526316,13535.056962025317,1582.8389830508474,2014.6363636363637,2478.2051282051284,4577.546666666667,1650.1965811965813,13448.881720430107,1023.9795918367347,5591.789691983156,8460.17730496454,1890.4859154929577,2350.559633027523,3314.1005586592178,3596.6363636363635,7749.913978494624,8325.263736263736,27131.565217391304,3883.377551020408,1333.580357142857,2563.689655172414,5056.770992366412,6029.959459459459,2604.787610619469,2926.7772511848343,5985.242105263158,9454.341463414634,7210.751219512195,3053.019108280255,3181.938202247191,15949.223214285714,2724.7368421052633,1658.763888888889,3945.4608695652173,6338.3875,4453.67032967033,4075.972375690608,5743.934210526316,13535.056962025317,1582.8389830508474,2014.6363636363637,2478.2051282051284,4577.546666666667,1650.1965811965813,13448.881720430107,1023.9795918367347,5591.789691983156
31,7702.536764705882,1865.0882352941176,2309.028846153846,3194.2586206896553,3506.6585365853657,7912.590909090909,8174.176470588235,28441.46153846154,3638.804347826087,1223.2242990654206,2489.4170854271356,4912.75,5949.943661971831,2506.0934579439254,2798.360975609756,6125.32967032967,8944.394736842105,6992.565,2933.0333333333333,3110.4450867052024,15999.735849056604,2593.8691588785045,1755.2173913043478,3606.1181818181817,5425.054054054054,4180.610169491525,3844.471590909091,5501.056338028169,13964.437086092716,1542.874458874459,2036.6308724832215,2381.3333333333335,4461.413793103448,1567.6126126126126,13843.90909090909,980.8645833333334,5511.538059469632,7702.536764705882,1865.0882352941176,2309.028846153846,3194.2586206896553,3506.6585365853657,7912.590909090909,8174.176470588235,28441.46153846154,3638.804347826087,1223.2242990654206,2489.4170854271356,4912.75,5949.943661971831,2506.0934579439254,2798.360975609756,6125.32967032967,8944.394736842105,6992.565,2933.0333333333333,3110.4450867052024,15999.735849056604,2593.8691588785045,1755.2173913043478,3606.1181818181817,5425.054054054054,4180.610169491525,3844.471590909091,5501.056338028169,13964.437086092716,1542.874458874459,2036.6308724832215,2381.3333333333335,4461.413793103448,1567.6126126126126,13843.90909090909,980.8645833333334,5511.538059469632
32,6844.658914728682,1870.621212121212,2262.868686868687,3099.0714285714284,3384.311688311688,8129.7037037037035,8171.113924050633,29507.27868852459,3393.220930232558,1145.930693069307,2417.481865284974,4848.672268907563,5921.867647058823,2406.5841584158416,2690.5794871794874,6294.390804597701,8037.558823529412,6781.758974358974,2765.7972027972028,3018.748502994012,16186.141414141413,2533.792079207921,1838.6515151515152,3279.266666666667,4744.115942028986,3925.505882352941,3599.5562130177514,5170.151515151515,14477.986013986014,1501.0133333333333,2064.6180555555557,2303.8190476190475,4322.95652173913,1478.904761904762,14226.630952380952,943.9297297297297,5433.034979146494,6844.658914728682,1870.621212121212,2262.868686868687,3099.0714285714284,3384.311688311688,8129.7037037037035,8171.113924050633,29507.27868852459,3393.220930232558,1145.930693069307,2417.481865284974,4848.672268907563,5921.867647058823,2406.5841584158416,2690.5794871794874,6294.390804597701,8037.558823529412,6781.758974358974,2765.7972027972028,3018.748502994012,16186.141414141413,2533.792079207921,1838.6515151515152,3279.266666666667,4744.115942028986,3925.505882352941,3599.5562130177514,5170.151515151515,14477.986013986014,1501.0133333333333,2064.6180555555557,2303.8190476190475,4322.95652173913,1478.904761904762,14226.630952380952,943.9297297297297,5433.034979146489
33,6240.464,1892.467741935484,2204.446808510638,2990.3229813664598,3227.6301369863013,8305.864864864865,8332.054794520547,30000.090909090908,3142.5,1081.1052631578948,2333.2606382978724,4718.646017699115,5864.4453125,2286.020618556701,2705.3617021276596,6431.506024096386,7124.265625,6562.184210526316,2597.8676470588234,2955.0993788819874,16480.451612903227,2476.0416666666665,1932.584,2982.5353535353534,4334.9682539682535,3665.840490797546,3429.693251533742,4821.2,14934.143884892086,1482.9636363636364,2101.746376811594,2195.265306122449,4280.924242424242,1401.77,14750.675,913.1787709497206,5366.099625615179,6240.464,1892.467741935484,2204.446808510638,2990.3229813664598,3227.6301369863013,8305.864864864865,8332.054794520547,30000.090909090908,3142.5,1081.1052631578948,2333.2606382978724,4718.646017699115,5864.4453125,2286.020618556701,2705.3617021276596,6431.506024096386,7124.265625,6562.184210526316,2597.8676470588234,2955.0993788819874,16480.451612903227,2476.0416666666665,1932.584,2982.5353535353534,4334.9682539682535,3665.840490797546,3429.693251533742,4821.2,14934.143884892086,1482.9636363636364,2101.746376811594,2195.265306122449,4280.924242424242,1401.77,14750.675,913.1787709497206,5366.099625615178
34,5620.610169491525,1949.1367521367522,2163.4777777777776,2813.8141025641025,3061.6666666666665,8449.382352941177,8586.235294117647,30157.195652173912,2914.896103896104,1037.0112359550562,2266.448087431694,4719.828571428571,5912.975609756098,2150.6813186813188,2774.21978021978,6565.7468354430375,6295.666666666667,6412.070652173913,2451.671755725191,2916.096153846154,16470.426966292136,2475.4222222222224,2020.5126050420167,2685.7526881720432,4156.6140350877195,3258.1582278481014,3257.541935483871,4835.472727272727,15368.285714285714,1448.586046511628,2183.353846153846,2086.6153846153848,4218.472,1341.0744680851064,15425.53947368421,896.7225433526012,5315.205067311181,5620.610169491525,1949.1367521367522,2163.4777777777776,2813.8141025641025,3061.6666666666665,8449.382352941177,8586.235294117647,30157.195652173912,2914.896103896104,1037.0112359550562,2266.448087431694,4719.828571428571,5912.975609756098,2150.6813186813188,2774.21978021978,6565.7468354430375,6295.666666666667,6412.070652173913,2451.671755725191,2916.096153846154,16470.426966292136,2475.4222222222224,2020.5126050420167,2685.7526881720432,4156.6140350877195,3258.1582278481014,3257.541935483871,4835.472727272727,15368.285714285714,1448.586046511628,2183.353846153846,2086.6153846153848,4218.472,1341.0744680851064,15425.53947368421,896.7225433526012,5315.205067311179
35,5234.598214285715,2043.4144144144145,2082.4823529411765,2638.9666666666667,2933.876923076923,8472.387096774193,8806.484375,30349.555555555555,2641.5890410958905,990.9512195121952,2151.5280898876404,4786.783505154639,5861.059829059829,1975.6627906976744,2803.813953488372,6639.527027027027,5703.0,6158.361111111111,2293.2063492063494,2848.271523178808,16407.321428571428,2488.176470588235,2121.061403508772,2392.885057471264,4101.470588235294,2866.3529411764707,3120.4666666666667,4876.659574468085,15080.692913385827,1441.8755980861245,2245.552,1987.894117647059,4203.661016949152,1289.6179775280898,16110.042253521127,883.377245508982,5250.9063136513,5234.598214285715,2043.4144144144145,2082.4823529411765,2638.9666666666667,2933.876923076923,8472.387096774193,8806.484375,30349.555555555555,2641.5890410958905,990.9512195121952,2151.5280898876404,4786.783505154639,5861.059829059829,1975.6627906976744,2803.813953488372,6639.527027027027,5703.0,6158.361111111111,2293.2063492063494,2848.271523178808,16407.321428571428,2488.176470588235,2121.061403508772,2392.885057471264,4101.470588235294,2866.3529411764707,3120.4666666666667,4876.659574468085,15080.692913385827,1441.8755980861245,2245.552,1987.894117647059,4203.661016949152,1289.6179775280898,16110.042253521127,883.377245508982,5250.9063136513005
36,4895.301886792453,2151.367924528302,2016.6913580246915,2425.4896551724137,2827.72131147541,8544.472727272727,8921.85,30565.724137931036,2386.086956521739,978.8266666666667,2025.9883040935672,4784.966292134832,6000.598214285715,1798.0121951219512,2887.8260869565215,6637.405797101449,5164.152173913043,5842.103448275862,2155.125,2698.6027397260273,16159.481012658227,2552.725,2208.1181818181817,2196.3012048192772,4053.4444444444443,2541.8986486486488,2879.9166666666665,5176.717948717948,14870.578512396694,1443.0295566502464,2327.9322033898306,1913.2820512820513,4202.767857142857,1222.0238095238096,16983.17910447761,858.3540372670808,5202.72397544161,4895.301886792453,2151.367924528302,2016.6913580246915,2425.4896551724137,2827.72131147541,8544.472727272727,8921.85,30565.724137931036,2386.086956521739,978.8266666666667,2025.9883040935672,4784.966292134832,6000.598214285715,1798.0121951219512,2887.8260869565215,6637.405797101449,5164.152173913043,5842.103448275862,2155.125,2698.6027397260273,16159.481012658227,2552.725,2208.1181818181817,2196.3012048192772,4053.4444444444443,2541.8986486486488,2879.9166666666665,5176.717948717948,14870.578512396694,1443.0295566502464,2327.9322033898306,1913.2820512820513,4202.767857142857,1222.0238095238096,16983.17910447761,858.3540372670808,5202.7239754416105
37,4801.841584158416,2251.10101010101,1887.6,2236.8920863309354,2743.1052631578946,8592.416666666666,8952.836363636363,29083.227272727272,2120.846153846154,954.0,1847.8834355828221,4775.421686746988,6221.352380952381,1645.628205128205,2978.9545454545455,6689.015625,4888.261904761905,5541.4792899408285,2079.0689655172414,2545.1619718309857,15815.081081081082,2628.44,2311.0285714285715,2079.423076923077,3967.657894736842,2257.218309859155,2601.4306569343066,6134.275862068966,14610.51282051282,1445.469696969697,2360.5675675675675,1863.1971830985915,4248.188679245283,1168.9871794871794,17761.983606557376,851.0,5137.2376832780865,4801.841584158416,2251.10101010101,1887.6,2236.8920863309354,2743.1052631578946,8592.416666666666,8952.836363636363,29083.227272727272,2120.846153846154,954.0,1847.8834355828221,4775.421686746988,6221.352380952381,1645.628205128205,2978.9545454545455,6689.015625,4888.261904761905,5541.4792899408285,2079.0689655172414,2545.1619718309857,15815.081081081082,2628.44,2311.0285714285715,2079.423076923077,3967.657894736842,2257.218309859155,2601.4306569343066,6134.275862068966,14610.51282051282,1445.469696969697,2360.5675675675675,1863.1971830985915,4248.188679245283,1168.9871794871794,17761.983606557376,851.0,5137.237683278087
38,4871.226804123711,2335.5652173913045,1772.6376811594203,2067.186567164179,2670.3846153846152,8495.431818181818,8780.450980392157,26967.928571428572,1755.7457627118645,932.4754098360655,1667.493670886076,4637.93670886076,6442.397959183673,1521.0684931506848,2923.6758620689657,6709.254237288135,4958.444444444444,5336.049382716049,2004.6396396396397,2351.78102189781,15682.507246376812,2696.4647887323945,2417.72,2000.0845070422536,3909.90625,1992.9485294117646,2384.757575757576,6384.869565217391,14257.392857142857,1445.2083333333333,2354.471153846154,1824.4925373134329,4272.71,1102.7123287671234,18572.245283018867,847.2066666666667,5037.429790848237,4871.226804123711,2335.5652173913045,1772.6376811594203,2067.186567164179,2670.3846153846152,8495.431818181818,8780.450980392157,26967.928571428572,1755.7457627118645,932.4754098360655,1667.493670886076,4637.93670886076,6442.397959183673,1521.0684931506848,2923.6758620689657,6709.254237288135,4958.444444444444,5336.049382716049,2004.6396396396397,2351.78102189781,15682.507246376812,2696.4647887323945,2417.72,2000.0845070422536,3909.90625,1992.9485294117646,2384.757575757576,6384.869565217391,14257.392857142857,1445.2083333333333,2354.471153846154,1824.4925373134329,4272.71,1102.7123287671234,18572.245283018867,847.2066666666667,5037.429790848237
39,4976.989010989011,2361.862068965517,1684.1290322580646,1935.3178294573643,2609.0652173913045,8324.925,8364.765957446809,,1447.5,922.0909090909091,1517.1721854304635,4344.5675675675675,6627.054347826087,1409.3382352941176,2857.580882352941,6672.207547169812,5372.833333333333,5221.666666666667,1943.698113207547,2085.810606060606,15457.292307692307,2738.409090909091,2571.4166666666665,1981.530303030303,4174.25,1804.8217054263566,2171.568,6258.058823529412,13786.0,1435.1827956989248,2342.161616161616,1822.8,4276.821052631579,1058.3283582089553,19399.152173913044,842.7762237762238,4365.689817947217,4976.989010989011,2361.862068965517,1684.1290322580646,1935.3178294573643,2609.0652173913045,8324.925,8364.765957446809,,1447.5,922.0909090909091,1517.1721854304635,4344.5675675675675,6627.054347826087,1409.3382352941176,2857.580882352941,6672.207547169812,5372.833333333333,5221.666666666667,1943.698113207547,2085.810606060606,15457.292307692307,2738.409090909091,2571.4166666666665,1981.530303030303,4174.25,1804.8217054263566,2171.568,6258.058823529412,13786.0,1435.1827956989248,2342.161616161616,1822.8,4276.821052631579,1058.3283582089553,19399.152173913044,842.7762237762238,4365.689817947217
40,5129.988235294118,2379.2073170731705,1613.2758620689656,1854.376,2505.1794871794873,7987.588235294118,7942.268292682927,,1255.25,895.9411764705883,1397.1538461538462,3974.144927536232,6798.952380952381,1347.5079365079366,2693.798387096774,6659.377777777778,5865.0,5224.276315789473,1932.049504950495,1868.4803149606298,15096.590163934427,2785.6774193548385,2747.8695652173915,1961.7704918032787,4242.5,1667.6280991735537,1987.1610169491526,5900.222222222223,13381.31067961165,1447.3111111111111,2307.3333333333335,1794.9818181818182,4242.222222222223,1023.9016393442623,19895.275,834.2773722627737,4303.995661500312,5129.988235294118,2379.2073170731705,1613.2758620689656,1854.376,2505.1794871794873,7987.588235294118,7942.268292682927,,1255.25,895.9411764705883,1397.1538461538462,3974.144927536232,6798.952380952381,1347.5079365079366,2693.798387096774,6659.377777777778,5865.0,5224.276315789473,1932.049504950495,1868.4803149606298,15096.590163934427,2785.6774193548385,2747.8695652173915,1961.7704918032787,4242.5,1667.6280991735537,1987.1610169491526,5900.222222222223,13381.31067961165,1447.3111111111111,2307.3333333333335,1794.9818181818182,4242.222222222223,1023.9016393442623,19895.275,834.2773722627737,4303.995661500313
41,5234.556962025316,2367.5714285714284,1578.826923076923,1812.8235294117646,2389.71875,7964.482758620689,7109.72972972973,,1074.7105263157894,876.0666666666667,1303.0514705882354,3529.28125,6980.831168831169,1299.4561403508771,2355.4912280701756,7388.314285714286,6310.909090909091,5359.0344827586205,1888.3505154639174,1651.6134453781513,14435.982456140351,2782.9464285714284,2904.3977272727275,1982.6909090909091,4387.75,1610.051724137931,1770.3425925925926,5412.0,13189.80612244898,1421.2413793103449,2246.9767441860463,1748.66,4233.341176470588,981.0535714285714,20049.0,831.3587786259542,4241.783427507407,5234.556962025316,2367.5714285714284,1578.826923076923,1812.8235294117646,2389.71875,7964.482758620689,7109.72972972973,,1074.7105263157894,876.0666666666667,1303.0514705882354,3529.28125,6980.831168831169,1299.4561403508771,2355.4912280701756,7388.314285714286,6310.909090909091,5359.0344827586205,1888.3505154639174,1651.6134453781513,14435.982456140351,2782.9464285714284,2904.3977272727275,1982.6909090909091,4387.75,1610.051724137931,1770.3425925925926,5412.0,13189.80612244898,1421.2413793103449,2246.9767441860463,1748.66,4233.341176470588,981.0535714285714,20049.0,831.3587786259542,4241.783427507407
42,5329.216216216216,2325.2361111111113,1566.2727272727273,1768.140350877193,2273.44,7975.3125,6865.285714285715,,995.0,862.675,1232.15503875969,3172.322033898305,7332.054794520548,1277.3725490196077,1799.6274509803923,8919.454545454546,6108.0,5537.136690647482,1861.1075268817203,1510.3947368421052,13692.094339622641,2770.72,3098.25,2018.24,,1501.2201834862385,1701.4848484848485,,13168.36559139785,1383.6449704142012,2177.9367088607596,1696.9565217391305,4179.569620253164,956.5098039215686,20336.178571428572,818.12,4188.166519587161,5329.216216216216,2325.2361111111113,1566.2727272727273,1768.140350877193,2273.44,7975.3125,6865.285714285715,,995.0,862.675,1232.15503875969,3172.322033898305,7332.054794520548,1277.3725490196077,1799.6274509803923,8919.454545454546,6108.0,5537.136690647482,1861.1075268817203,1510.3947368421052,13692.094339622641,2770.72,3098.25,2018.24,,1501.2201834862385,1701.4848484848485,,13168.36559139785,1383.6449704142012,2177.9367088607596,1696.9565217391305,4179.569620253164,956.5098039215686,20336.178571428572,818.12,4188.166519587162
43,5440.811594202899,2290.9411764705883,1541.8918918918919,1713.2935779816514,2189.7619047619046,,6951.421052631579,,953.9333333333333,846.6857142857143,1168.1854838709678,2859.537037037037,7860.478260869565,1237.3191489361702,1269.7380952380952,9305.92857142857,5832.25,5696.281481481482,1842.752808988764,1395.7037037037037,12890.541666666666,2765.866666666667,3336.5625,2110.8372093023254,,1405.0679611650485,1673.4404761904761,,13107.204545454546,1349.7865853658536,2071.150684931507,1670.857142857143,4168.472972972973,927.9565217391304,20220.25,816.5546218487395,4028.4832622585936,5440.811594202899,2290.9411764705883,1541.8918918918919,1713.2935779816514,2189.7619047619046,,6951.421052631579,,953.9333333333333,846.6857142857143,1168.1854838709678,2859.537037037037,7860.478260869565,1237.3191489361702,1269.7380952380952,9305.92857142857,5832.25,5696.281481481482,1842.752808988764,1395.7037037037037,12890.541666666666,2765.866666666667,3336.5625,2110.8372093023254,,1405.0679611650485,1673.4404761904761,,13107.204545454546,1349.7865853658536,2071.150684931507,1670.857142857143,4168.472972972973,927.9565217391304,20220.25,816.5546218487395,4028.4832622585936
44,5525.246153846154,2150.5245901639346,1497.2608695652175,1640.7403846153845,2162.9411764705883,,6167.142857142857,,926.4285714285714,826.5483870967741,1112.5210084033613,2641.816326530612,8573.784615384615,1201.3023255813953,844.4558823529412,8958.2,5533.2,5804.671875,1802.6235294117646,1301.881188118812,10367.71794871795,2802.170731707317,3535.9736842105262,2233.3142857142857,,1334.8958333333333,1580.6756756756756,,13006.047619047618,1320.5987261146497,1955.9420289855072,1666.081081081081,4095.25,886.5238095238095,20390.222222222223,810.4513274336283,3895.536084840018,5525.246153846154,2150.5245901639346,1497.2608695652175,1640.7403846153845,2162.9411764705883,,6167.142857142857,,926.4285714285714,826.5483870967741,1112.5210084033613,2641.816326530612,8573.784615384615,1201.3023255813953,844.4558823529412,8958.2,5533.2,5804.671875,1802.6235294117646,1301.881188118812,10367.71794871795,2802.170731707317,3535.9736842105262,2233.3142857142857,,1334.8958333333333,1580.6756756756756,,13006.047619047618,1320.5987261146497,1955.9420289855072,1666.081081081081,4095.25,886.5238095238095,20390.222222222223,810.4513274336283,3895.53608484002
45,5570.933333333333,2039.5636363636363,1427.0,1575.02,2115.923076923077,,5878.5,,,818.0,1061.5739130434783,2453.6279069767443,9309.573770491803,1181.2162162162163,829.7142857142857,,,5812.983739837398,1745.1851851851852,1217.3052631578948,7335.04347826087,2873.027027027027,3649.0416666666665,2314.8275862068967,,1331.9130434782608,1503.2686567164178,,12880.4375,1303.3933333333334,1882.5076923076922,1644.6,4037.28125,862.3243243243244,14811.0,802.5794392523364,3457.4953560281683,5570.933333333333,2039.5636363636363,1427.0,1575.02,2115.923076923077,,5878.5,,,818.0,1061.5739130434783,2453.6279069767443,9309.573770491803,1181.2162162162163,829.7142857142857,,,5812.983739837398,1745.1851851851852,1217.3052631578948,7335.04347826087,2873.027027027027,3649.0416666666665,2314.8275862068967,,1331.9130434782608,1503.2686567164178,,12880.4375,1303.3933333333334,1882.5076923076922,1644.6,4037.28125,862.3243243243244,14811.0,802.5794392523364,3457.4953560281688
46,5489.462962962963,1954.8235294117646,1348.0,1510.659574468085,2103.5555555555557,,5674.0,,,820.15,1006.4181818181818,2293.027027027027,10093.947368421053,1159.78125,799.1111111111111,,,5561.606837606838,1694.987012987013,1169.840909090909,7184.684210526316,2892.3030303030305,3569.970588235294,2366.086956521739,,1316.0,1425.72131147541,,12662.276315789473,1282.451388888889,1822.1475409836066,1637.0869565217392,3937.448275862069,830.0625,,804.8712871287129,3014.660060096314,5489.462962962963,1954.8235294117646,1348.0,1510.659574468085,2103.5555555555557,,5674.0,,,820.15,1006.4181818181818,2293.027027027027,10093.947368421053,1159.78125,799.1111111111111,,,5561.606837606838,1694.987012987013,1169.840909090909,7184.684210526316,2892.3030303030305,3569.970588235294,2366.086956521739,,1316.0,1425.72131147541,,12662.276315789473,1282.451388888889,1822.1475409836066,1637.0869565217392,3937.448275862069,830.0625,,804.8712871287129,3014.660060096313
47,5219.38,1844.4666666666667,,1428.5842696629213,2100.3333333333335,,5519.0,,,860.1,960.5142857142857,2193.7096774193546,10582.962264150943,1132.5357142857142,767.5,,,5240.1875,1645.7397260273972,1136.4074074074074,7116.533333333334,2991.259259259259,3415.515625,1824.6666666666667,,1317.9024390243903,1520.591836734694,,11988.3,1270.8321167883212,1776.3333333333333,1527.6153846153845,3790.4423076923076,820.5416666666666,,799.3092783505155,2992.2690404493674,5219.38,1844.4666666666667,,1428.5842696629213,2100.3333333333335,,5519.0,,,860.1,960.5142857142857,2193.7096774193546,10582.962264150943,1132.5357142857142,767.5,,,5240.1875,1645.7397260273972,1136.4074074074074,7116.533333333334,2991.259259259259,3415.515625,1824.6666666666667,,1317.9024390243903,1520.591836734694,,11988.3,1270.8321167883212,1776.3333333333333,1527.6153846153845,3790.4423076923076,820.5416666666666,,799.3092783505155,2992.269040449367
48,4902.565217391304,1695.3846153846155,,1317.8641975308642,,,,,,,911.82,2077.230769230769,10737.877551020409,1113.875,773.625,,,4951.820754716981,1572.6764705882354,1109.2933333333333,6961.818181818182,3081.45,3186.9473684210525,1713.0,,1354.95,1488.5151515151515,,11852.307692307691,1248.1068702290077,1699.3584905660377,1432.6666666666667,3708.6875,808.5714285714286,,790.1758241758242,2937.107836811148,4902.565217391304,1695.3846153846155,,1317.8641975308642,,,,,,,911.82,2077.230769230769,10737.877551020409,1113.875,773.625,,,4951.820754716981,1572.6764705882354,1109.2933333333333,6961.818181818182,3081.45,3186.9473684210525,1713.0,,1354.95,1488.5151515151515,,11852.307692307691,1248.1068702290077,1699.3584905660377,1432.6666666666667,3708.6875,808.5714285714286,,790.1758241758242,2937.1078368111475
49,4501.268292682927,1163.9259259259259,,1285.0,,,,,,,875.0736842105263,2032.6666666666667,10602.711111111112,1107.5263157894738,751.0,,,4712.71,1526.4516129032259,1083.4202898550725,6809.285714285715,3168.5,3289.3469387755104,1667.5,,1483.0,1173.4,,12194.65,1210.04,1636.276595744681,,3697.5116279069766,754.125,,787.6117647058824,2935.3478930679867,4501.268292682927,1163.9259259259259,,1285.0,,,,,,,875.0736842105263,2032.6666666666667,10602.711111111112,1107.5263157894738,751.0,,,4712.71,1526.4516129032259,1083.4202898550725,6809.285714285715,3168.5,3289.3469387755104,1667.5,,1483.0,1173.4,,12194.65,1210.04,1636.276595744681,,3697.5116279069766,754.125,,787.6117647058824,2935.3478930679867
50,4002.323529411765,1006.05,,1241.8309859154929,,,,,,,862.0444444444445,2128.5555555555557,10333.054054054053,1097.2307692307693,,,,4531.357894736842,1497.9245283018868,1046.4444444444443,6815.333333333333,3236.6666666666665,2294.4444444444443,,,1457.2222222222222,,,12890.547169811322,1207.7058823529412,1519.906976744186,,3659.0,781.25,,786.2278481012659,3119.756037488582,4002.323529411765,1006.05,,1241.8309859154929,,,,,,,862.0444444444445,2128.5555555555557,10333.054054054053,1097.2307692307693,,,,4531.357894736842,1497.9245283018868,1046.4444444444443,6815.333333333333,3236.6666666666665,2294.4444444444443,,,1457.2222222222222,,,12890.547169811322,1207.7058823529412,1519.906976744186,,3659.0,781.25,,786.2278481012659,3119.756037488581
51,3713.0344827586205,985.3571428571429,,1195.4769230769232,,,,,,,826.5238095238095,2144.0,10317.375,,,,,4249.067415730337,1516.8809523809523,1014.3928571428571,,,2318.0,,,1442.375,,,13592.54347826087,1186.1238938053098,1352.5882352941176,,3597.3823529411766,,,781.2837837837837,3139.5253329722436,3713.0344827586205,985.3571428571429,,1195.4769230769232,,,,,,,826.5238095238095,2144.0,10317.375,,,,,4249.067415730337,1516.8809523809523,1014.3928571428571,,,2318.0,,,1442.375,,,13592.54347826087,1186.1238938053098,1352.5882352941176,,3597.3823529411766,,,781.2837837837837,3139.5253329722436
52,3552.9583333333335,916.2,,1030.6037735849056,,,,,,,789.2105263157895,,10539.444444444445,,,,,3779.098765432099,1536.7575757575758,975.6,,,,,,1381.0,,,15055.103448275862,1159.073394495413,1331.6666666666667,,3548.75,,,784.463768115942,3312.8521926015737,3552.9583333333335,916.2,,1030.6037735849056,,,,,,,789.2105263157895,,10539.444444444445,,,,,3779.098765432099,1536.7575757575758,975.6,,,,,,1381.0,,,15055.103448275862,1159.073394495413,1331.6666666666667,,3548.75,,,784.463768115942,3312.852192601573
53,2989.75,858.0,,1002.5531914893617,,,,,,,756.8695652173913,,10873.666666666666,,,,,3320.72602739726,1530.7307692307693,968.0666666666667,,,,,,,,,15707.75,1136.4174757281553,1315.8125,,3458.5,,,775.4,3438.01868172279,2989.75,858.0,,1002.5531914893617,,,,,,,756.8695652173913,,10873.666666666666,,,,,3320.72602739726,1530.7307692307693,968.0666666666667,,,,,,,,,15707.75,1136.4174757281553,1315.8125,,3458.5,,,775.4,3438.0186817227896
54,2898.5,818.0,,990.9487179487179,,,,,,,745.7213114754098,,12203.0,,,,,2724.6774193548385,1549.0526315789473,879.25,,,,,,,,,14625.363636363636,1118.0714285714287,1315.375,,3329.75,,,778.3620689655172,3382.7747857121913,2898.5,818.0,,990.9487179487179,,,,,,,745.7213114754098,,12203.0,,,,,2724.6774193548385,1549.0526315789473,879.25,,,,,,,,,14625.363636363636,1118.0714285714287,1315.375,,3329.75,,,778.3620689655172,3382.774785712192
55,,,,978.3333333333334,,,,,,,730.9245283018868,,,,,,,2166.255319148936,1539.1538461538462,800.7586206896551,,,,,,,,,13877.0,1104.6236559139784,1284.5,,3125.5,,,781.1509433962265,2638.8200246937863,,,,978.3333333333334,,,,,,,730.9245283018868,,,,,,,2166.255319148936,1539.1538461538462,800.7586206896551,,,,,,,,,13877.0,1104.6236559139784,1284.5,,3125.5,,,781.1509433962265,2638.820024693786
56,,,,969.4,,,,,,,722.7857142857143,,,,,,,1629.8695652173913,1606.0,775.2272727272727,,,,,,,,,,1083.0568181818182,,,2890.8333333333335,,,782.7142857142857,1307.485873682477,,,,969.4,,,,,,,722.7857142857143,,,,,,,1629.8695652173913,1606.0,775.2272727272727,,,,,,,,,,1083.0568181818182,,,2890.8333333333335,,,782.7142857142857,1307.485873682477
57,,,,977.5625,,,,,,,710.9428571428572,,,,,,,1552.2105263157894,,718.75,,,,,,,,,,1068.3048780487804,,,2838.625,,,793.4222222222222,1237.1168548185212,,,,977.5625,,,,,,,710.9428571428572,,,,,,,1552.2105263157894,,718.75,,,,,,,,,,1068.3048780487804,,,2838.625,,,793.4222222222222,1237.1168548185212
58,,,,942.1428571428571,,,,,,,705.7407407407408,,,,,,,1547.142857142857,,,,,,,,,,,,1039.6103896103896,,,2820.0,,,790.9268292682926,1307.593945650856,,,,942.1428571428571,,,,,,,705.7407407407408,,,,,,,1547.142857142857,,,,,,,,,,,,1039.6103896103896,,,2820.0,,,790.9268292682926,1307.5939456508563
59,,,,978.0,,,,,,,700.4,,,,,,,,,,,,,,,,,,,1014.8219178082192,,,,,,799.5135135135135,873.1838578304332,,,,978.0,,,,,,,700.4,,,,,,,,,,,,,,,,,,,1014.8219178082192,,,,,,799.5135135135135,873.1838578304331
60,,,,,,,,,,,,,,,,,,,,,,,,,,,,,,832.0,,,,,,784.0909090909091,808.0454545454545,,,,,,,,,,,,,,,,,,,,,,,,,,,,,,832.0,,,,,,784.0909090909091,808.0454545454545
61,,,,,,,,,,,,,,,,,,,,,,,,,,,,,,802.0,,,,,,786.5862068965517,794.2931034482758,,,,,,,,,,,,,,,,,,,,,,,,,,,,,,802.0,,,,,,786.5862068965517,794.2931034482758
62,,,,,,,,,,,,,,,,,,,,,,,,,,,,,,774.0681818181819,,,,,,807.2,790.6340909090909,,,,,,,,,,,,,,,,,,,,,,,,,,,,,,774.0681818181819,,,,,,807.2,790.634090909091
63,,,,,,,,,,,,,,,,,,,,,,,,,,,,,,755.1111111111111,,,,,,811.6190476190476,783.3650793650793,,,,,,,,,,,,,,,,,,,,,,,,,,,,,,755.1111111111111,,,,,,811.6190476190476,783.3650793650793
64,,,,,,,,,,,,,,,,,,,,,,,,,,,,,,754.4285714285714,,,,,,809.5625,781.9955357142858,,,,,,,,,,,,,,,,,,,,,,,,,,,,,,754.4285714285714,,,,,,809.5625,781.9955357142858
65,,,,,,,,,,,,,,,,,,,,,,,,,,,,,,738.2380952380952,,,,,,817.375,777.8065476190476,,,,,,,,,,,,,,,,,,,,,,,,,,,,,,738.2380952380952,,,,,,817.375,777.8065476190475
66,,,,,,,,,,,,,,,,,,,,,,,,,,,,,,747.5833333333334,,,,,,895.0,821.2916666666667,,,,,,,,,,,,,,,,,,,,,,,,,,,,,,747.5833333333334,,,,,,895.0,821.2916666666667
67,,,,,,,,,,,,,,,,,,,,,,,,,,,,,,765.0,,,,,,,765.0,,,,,,,,,,,,,,,,,,,,,,,,,,,,,,765.0,,,,,,,765.0
