,0,1,2,3,4,5,6,7,8,9,10,11,12,13,14,15,16,17,18,19,20,21,22,23,24,25,26,27,28,29,30,31,32,33,34,35,36,37,38,39,40,41,42,43,44,45,46,47,48,49,50,51,52,53,54,55,56,57,58,59,60,61,62,63,64,65
0,0.8069769240767781,0.8642168615601119,0.9167244300973815,0.984847115899839,1.0509480053053095,1.1129492639786673,1.1751460262811486,1.2354184821563827,1.3001722551181591,1.3782679473708916,1.4514536072734059,1.506524477147547,1.5533883210797683,1.5807824055133002,1.588765986014193,1.582095536361855,1.552271589622733,1.5250861486159961,1.5059431942683141,1.4904112658915445,1.4715523456272388,1.4435331697427949,1.4134613848575297,1.378606290465597,1.3330844158267068,1.2892970483778645,1.2540057769766508,1.2408312945880777,1.247974882856274,1.2542619740085241,1.270552030605963,1.282436110682601,1.2748715038931113,1.2482067942004764,1.214898783026593,1.2086107741920586,1.2051068101465086,1.2207771305657906,1.2161024514411674,1.2313623284961475,1.21871116158076,1.2080523053323484,1.2020421883072756,1.1811224932736335,1.1661664185353777,1.1673923797776031,1.1895641562176695,1.219344153639112,1.2374994090162243,1.2433670662783418,1.2593635890689034,1.296877186031972,1.4131647096863924,1.4988421257095508,1.576945761379978,1.623705585037243,1.5996886279973077,1.5234495511043848,,,,,,,,
1,0.9393155452794756,0.9637993689780834,1.0049548103434938,1.0450036149257809,1.0832003116565674,1.1499706793483828,1.2193468425613898,1.2892715150133884,1.3492934227749616,1.3941479337442053,1.4088347038311848,1.4436219192898383,1.4669029486176972,1.4964200905234704,1.5064618748643455,1.533362221774136,1.5727249219644812,1.6262063479186923,1.6719505664311034,1.674325845404431,1.6911739165235846,1.6991335482750454,1.701159208881132,1.7100475557217225,1.7066103782988233,1.7075166653146265,1.7066771554726314,1.6988720674642679,1.6905330586354328,1.6616668977334266,1.602113224796828,1.5233145594441577,1.4527502144108089,1.3604026067338275,1.2827126085419962,1.1990128387538024,1.1304679820926442,1.0888133097687835,1.0575969876976552,1.0509199305667614,1.0311613417717518,1.0291592355959498,1.0244891402019043,1.031066913820573,0.9962906529496093,0.967618602423939,0.9351886083293964,,,,,,,,,,,,,,,,,,,
2,0.6266418398434772,0.6614112544556295,0.7021218926077066,0.7451587375672599,0.7952783058139359,0.8494675894138576,0.9084939086378144,0.9522586401675421,1.013571312180999,1.0717961387162547,1.1249964521515516,1.1888873403581677,1.2454169747707566,1.3206845923502384,1.3855969469183615,1.4537653222815672,1.5240680486277225,1.6011341330694926,1.6628377938299903,1.7381317120353188,1.7965697594581749,1.857308879588037,1.8496402189800591,1.84263787354835,1.8111348078629141,1.8006929485444891,1.8021223428548783,1.8157025310290578,1.8012748175274003,1.7754403111935937,1.776807242087834,1.804438726979838,1.8216619821058366,1.8757354640698043,1.918247186874203,1.8927821213428722,1.8190260919897916,1.679877297974167,1.523613978567473,1.3830941372847454,1.252761283161993,1.1942149018781654,1.1562140615157515,1.1435457808875458,1.1211369487414196,1.0693698716201807,1.0292687707676489,0.9863064056488962,0.9640137710151035,0.9644930527739002,0.942469467769808,0.8883730193346842,0.8564473361522547,,,,,,,,,,,,,
3,0.5429044639740706,0.6372680643988411,0.7551817300062378,0.893176455624545,1.0360422999273948,1.2004824288917462,1.3909583823072904,1.6105806920208598,1.8305788087954924,2.0161634656258247,2.138790128482502,2.2062198135457107,2.2202729087272233,2.1903796207761617,2.1289218035135624,1.996621503265944,1.8206647076558724,1.6298190666574899,1.4685444508341228,1.3297903194416547,1.176632699482684,1.0213473400466997,0.9291632027227251,0.8690917573425222,0.787321993986133,0.7329396805970657,0.6148356277692418,0.5098623059180372,0.45208231801650234,0.41995828731845275,0.41475543334556786,0.42086264934301343,0.4307002175798447,0.4430826647045741,0.43912296872173623,0.4120920740952106,0.3883239780681933,0.36831277860010647,0.36231324585374003,0.3597963687016058,,,,,,,,,,,,,,,,,,,,,,,,,,
4,0.744370405847259,0.8512790357900072,0.9765289152125257,1.085457939154022,1.1773403957517135,1.253539269310425,1.3112671791808799,1.3821318711092108,1.4219985766125876,1.4372439489237143,1.4614856913922423,1.5020437537192899,1.549878594059822,1.5863785505664898,1.5739201218146441,1.5517971952291063,1.538683302876751,1.5273675286892225,1.507455039332383,1.4695275093136617,1.4788412281248513,1.4961639542394027,1.5113758312389014,1.5099096802375707,1.436880666129882,1.3878599080081462,1.3066242530182077,1.2439691697600497,1.1957896538664528,1.1645146591954763,1.1425250631862705,1.1123885549802977,1.0667486556170915,1.0367781910036205,1.0128165406321505,1.000476104562644,0.9915869237190977,0.969315589551373,0.9508971803872814,0.893499403923087,0.8523051227277336,0.8091717621520945,0.7780848342321988,0.7596263025460044,0.7405589828258665,0.7342989061804971,0.7326416203083513,,,,,,,,,,,,,,,,,,,
5,0.6019475422706185,0.6680809024842489,0.750527929125037,0.8505836400414971,0.99112706927632,1.1522279540058005,1.3486322783388864,1.5452349063080737,1.7523323553953618,1.9354742530952767,2.0895439309823094,2.1977328115109382,2.229738735830354,2.230994208783404,2.1899589514868545,2.1131089443763424,2.02180709729972,1.9224650265262437,1.8084441251563959,1.6928830884708883,1.5852282181437904,1.4779185127839132,1.3501137226109692,1.2770927381677653,1.1986058325556521,1.0998451207914441,1.0179830969120478,0.9567412899660702,0.8807528178701403,0.8378986288023632,0.7911586566849542,0.7425862105316203,0.7171451101698344,0.6654791804459745,0.6299985685482306,0.6118322249753935,0.5716912745039856,0.5500138794170961,0.5328767060313262,0.5158053887157743,0.5064124442142004,0.49296979636766336,0.467930572284516,0.4756148307280542,0.4543107702399433,0.4584906728156213,,,,,,,,,,,,,,,,,,,,
6,0.9239778238701087,0.9684701682747371,1.0103661540775306,1.0618932687762603,1.1123110106917908,1.1478562121912617,1.1989624668819587,1.254131419344157,1.267270350253894,1.3175481092589665,1.3499636686937182,1.376652544055332,1.3906557487749247,1.3833417913926636,1.3858053709063105,1.3931362184195812,1.42031995235686,1.4422584220122263,1.4803476260881228,1.5052195987928003,1.5390235218922603,1.5266451782188755,1.547499046408683,1.5435239071576201,1.525363793848351,1.512782198035855,1.5221811432725194,1.491248368323686,1.4552564250945283,1.4162516373617056,1.3780282898578355,1.3087253412531699,1.2487894784926374,1.1885071999960068,1.1094111934351425,1.0591938065787228,1.005715965378489,0.9573811689592757,0.9213649417660523,0.8849021453738019,0.8472442618457697,0.8405064263233645,0.8080810697526697,0.7996651453221635,0.7893818362853242,0.7850939293912709,0.7937936029383531,,,,,,,,,,,,,,,,,,,
7,0.7673979136923229,0.8166483863183692,0.8841464979658744,0.9848582891865441,1.1233136251423412,1.2739947173565285,1.369973819242018,1.3956770733228816,1.378926980331363,1.343209890664878,1.3013755851903852,1.281893343344824,1.277568527756158,1.292066671898134,1.3160263531212322,1.3402299579620527,1.3757588261043998,1.3905064502562132,1.3909040786377564,1.3867870914309088,1.3833157437714665,1.3768642854087487,1.3596064560032601,1.3453868232177966,1.3430381744165507,1.36587653236929,1.397891495734377,1.448407700908731,1.526826291021303,1.629270629274573,1.7532165235110722,1.8704681861463937,1.914535495054185,1.8897655123607924,1.8241246207065227,1.7763831581630551,1.7548918574851962,1.7238804291700485,1.6933010795981516,1.6748835584304405,1.6560788591097697,1.6462189818596948,1.6085625605139033,1.5708481328557808,1.5053535935330997,1.4222790136309256,1.393214790963841,1.3838163343676637,1.3775055950306154,1.3419594199680385,1.2820744805838933,1.214639986016733,1.1275974217039488,1.0463360328857136,1.0027161941629106,0.9815733928539132,0.940468016359094,0.8748918513799545,0.6889123734157887,0.6082994641262242,,,,,,
8,0.2963843725476345,0.3113212057115186,0.3272327789972484,0.3437812699688002,0.36685416669733745,0.4109163214696926,0.47019765312835793,0.5627390185507029,0.6766622458465261,0.8200580554593051,0.9657637150283578,1.098399481532012,1.2128168951777323,1.3053253465912649,1.42789542201292,1.5359367415252587,1.6479625851284714,1.782360466563153,1.8764488632823841,1.9853852596123578,2.0900915602737333,2.2148213969526305,2.3052727021755612,2.4253404335212703,2.5037542937807413,2.5293503617935036,2.5432759392159654,2.5280508654388996,2.5011220316974936,2.4891935458164283,2.515178304114696,2.509707874425793,2.5406017793082474,2.601342043025811,2.7252751203488415,2.8272553237022136,2.8409470562798544,2.737068932785566,2.581829593003977,,,,,,,,,,,,,,,,,,,,,,,,,,,
9,1.1731058304460942,1.2405412093094956,1.3067619766198042,1.360951974077805,1.4249234915663778,1.47278403788179,1.5289029622875305,1.5596690187050428,1.592291599569487,1.6209199961573657,1.6301115574127523,1.6354136326347495,1.6420224691665803,1.624997337273141,1.6054146340791953,1.5851586139288132,1.542141822798279,1.4918537344866383,1.4405473619354816,1.3946900742852453,1.3620985254704192,1.328199478084503,1.3092937263524986,1.2903401713459424,1.2712226629786132,1.245244265275006,1.220096353567081,1.194047857086477,1.169909857337297,1.1509355138926496,1.121224228251657,1.0500092708963256,1.0076717949295797,0.9527648650466386,0.9026491153677252,0.8612161690797603,0.8172675306224468,0.7721359937550036,0.7309672456736613,0.690974354763704,0.63858961345733,0.6091058365238382,0.5923283855356012,0.5741694874988394,0.5603699166479745,0.5523072801082142,0.5521626509195608,0.5240099039931638,,,,,,,,,,,,,,,,,,
10,0.5913164266790297,0.6475368271407931,0.7057584230866262,0.7667346060626592,0.8289235253976863,0.8953482926045252,0.960663684358024,1.025073813240745,1.0839912490942525,1.1313976775820995,1.1831344427826171,1.2467302165166687,1.3026437187176945,1.3639062680560559,1.4159266557220935,1.4807572547782144,1.5525153126294313,1.6181195180189707,1.6529664214077082,1.680498401945003,1.7010793555469654,1.6962858330943598,1.675378507807875,1.6529108861579502,1.6245450444338387,1.604291955922903,1.5865214311006293,1.575508685637662,1.5537648611818948,1.525612432458684,1.5144073347499578,1.485081079255825,1.4469513029792263,1.3996972598878417,1.3550268200187394,1.277402511745007,1.188833393931065,1.0988046618025966,1.0133085396990693,0.940354559329843,0.8596665856849786,0.7847839824183672,0.7313467255402362,0.6858772699693088,0.6458116976440542,0.619060867561072,0.5923690243953547,0.5745023844448477,0.5435400684239629,0.5230494706063927,0.5115082494774138,0.48482060469306515,0.48521247440125087,0.47144259164765767,,,,,,,,,,,,
11,0.7034363550561097,0.7633344527072676,0.8265837626584671,0.904553952121426,0.9859435858677628,1.0648342663496109,1.1340304665089016,1.1844081713743273,1.2262873492755575,1.2628886795539442,1.313364541985903,1.3592662904516242,1.4075565393529326,1.4284917502549204,1.461936468510367,1.4672396258745395,1.490488065385163,1.4951209523611564,1.4830683864570873,1.479470159996079,1.4647960814677368,1.482831977278648,1.4909417955145656,1.492325318804959,1.4797470357763949,1.4743237394721964,1.4619088886759666,1.481505890707925,1.514905785346936,1.5292159351910044,1.5353278953327385,1.5264512052073549,1.4995284241898648,1.476664420776029,1.4559065138073295,1.471667682055375,1.4826715664752486,1.5389932430426114,1.559182897091942,1.5670092236616262,1.6155862636354406,1.60644710407147,1.5919609564004362,,,,,,,,,,,,,,,,,,,,,,,
12,0.6321027522190718,0.6971574358642024,0.7711085586375855,0.847600785703768,0.9250424327397496,1.014789611539448,1.1126729143735936,1.210871948748471,1.3037761570092081,1.37835318228185,1.4498758463389234,1.5255769296668542,1.6153294898479342,1.6923847809251271,1.771846873232464,1.829576895430116,1.8872601884297893,1.9259386282416544,1.9302244932362453,1.9183337886274217,1.8645897862969438,1.8053204389744906,1.729049983149097,1.6567494910411054,1.6065553871222078,1.5604352460902462,1.5248550564161376,1.4821763459953532,1.4441557401273182,1.3829714224935739,1.3484507986401832,1.2916463578672086,1.26349171531926,1.2288917589230306,1.1759446174564023,1.1285499886129147,1.0923675999191216,1.055877026471618,1.027470081669327,0.9915215658978721,0.9506125414912592,0.9388389225381676,0.8924190434394095,0.8595467800758027,0.8168402677621547,0.7720742217740562,0.7333497217376838,0.6993121714482291,0.685071749454979,0.6739271380901705,0.6668921823992676,0.6751803032099036,0.6824724710416317,0.6922734754430658,,,,,,,,,,,,
13,0.6874754785980128,0.8291235483803726,1.0033751264704032,1.1979191567634817,1.3819056352247732,1.5326637622642627,1.64127522109984,1.746475078746635,1.820432752535609,1.8273707475788812,1.8163534737150815,1.8236317849913057,1.7971971682432901,1.7876690339500925,1.7248822529206107,1.6201485574613081,1.496935513636539,1.3889629783292838,1.2909027817498306,1.2057438261595086,1.1264069103432042,1.0551344708444859,0.9891166489259665,0.9525943024321408,0.9346372806210088,0.9101959194861458,0.8957519841517051,0.8943987005068773,0.8938306590363558,0.8874154099037603,0.8970559259808222,0.8990187105187663,0.8948507522054333,0.9037681007760698,0.9047488521080926,0.9088236903886783,0.9154815973809816,0.9099717609610334,0.8536947316522702,,,,,,,,,,,,,,,,,,,,,,,,,,,
14,0.9073694511488628,0.9346043025588369,0.9646729868472672,1.0067909787639484,1.05922084013499,1.1271066812791353,1.2005687444540358,1.2580222183243832,1.305161598118972,1.324965648380297,1.3284199558616485,1.3281579553514744,1.3308354149119017,1.3260327738728035,1.3494607614706717,1.3924536458205463,1.4447096111846212,1.4935611633349735,1.5239392997193693,1.5453888782335028,1.5829717077494103,1.6276600029307196,1.6946705443939272,1.7488006536325844,1.784664506340562,1.7813318865965604,1.7522339352427985,1.7050335270210644,1.6493841179247832,1.5711792023548359,1.473071892199168,1.3688328751587704,1.2972488152769657,1.2376151233506503,1.2162993292664885,1.2045828029355368,1.1688395505791713,1.1118710004374095,1.070676514379553,0.9911888683428645,0.9123621221629193,0.8721721774799227,0.8041620939236526,0.7345690031762044,0.6671468388211055,0.6115210199338713,0.5776147955957979,0.5592643614634524,0.5242013618102466,0.5084744129334866,,,,,,,,,,,,,,,,
15,0.46122876771598414,0.4881048425806466,0.5229895876123403,0.5613671249184586,0.6098865731337687,0.6607359396035457,0.7245836831829273,0.7931304370498491,0.8625063364989444,0.9375552018429247,1.03146871505256,1.1397999036657913,1.265283270946304,1.3808777369567646,1.4933471781892242,1.5950221084683758,1.706170854563193,1.838445025804771,1.9949908352218462,2.1424010392413027,2.2357629623800275,2.276831364986703,2.3339328390037823,2.3366942976115084,2.2697023669182532,2.178005688509912,2.077062418255432,1.93860583740209,1.838969010796652,1.7533036761396021,1.6791581817573396,1.5826997700447065,1.5106917059858973,1.418497968196434,1.3413016558327513,1.2445026827122052,1.160738862850813,1.0625439050274224,1.005891204945913,0.946700050941471,0.9091361018237873,0.8472200081524843,0.7939435858068487,0.7518088829965842,0.7114843187532802,0.6917739740287626,0.6800326324828735,0.6768681675409169,0.6879355060463082,0.718674559743895,0.7455179864766467,0.7845653358886494,0.8391896186561778,0.8866423674741277,1.0238255849788591,,,,,,,,,,,
16,0.8769145494787719,0.9220065303420287,0.9649782791371867,0.9884278408597694,1.0475209117737798,1.1075301528196664,1.1962662773127517,1.2706321267299523,1.3402332539052506,1.4023462543237502,1.4461943285166405,1.4753258179567694,1.502063583903901,1.5424017242594934,1.581948619360524,1.6144857059018094,1.6087002496535703,1.5730634893245545,1.5629019087050557,1.5375326674816376,1.5272484892779405,1.5318254298649632,1.526438006451957,1.5391324850048307,1.5303041504666535,1.469377077168327,1.3730367228414326,1.2797277639666889,1.1973594190798567,1.1217865815343653,1.0374995778480407,0.971726373279288,0.8922495639134815,0.8193928059782007,0.7843671656316661,0.7578999893598565,0.7424272060641034,0.7151626683287029,0.6871696385194669,0.6645801768928876,0.6517386604568794,0.6478610016874251,0.6423452152448581,,,,,,,,,,,,,,,,,,,,,,,
17,0.6477611932475028,0.7110894532616937,0.7861109972164043,0.8675238784774422,0.9750772491488904,1.1118518775816395,1.2686142657616506,1.4528381800446923,1.652692429755215,1.8583426090248085,2.014761828989323,2.1631640203757,2.2536166545398224,2.270781457424598,2.2302916261058834,2.186175608787461,2.1336262859244304,2.0963490496763013,2.042308227884002,2.0053133276279644,1.9475791454680187,1.8552657109616648,1.757590066510871,1.640472356117128,1.5210520755369807,1.4122719219440172,1.2818084601985256,1.1669963367625213,1.0426158184843675,0.9155516693592437,0.8323496195409441,0.7748481147250796,0.7464829765982155,0.7185101642805776,0.6971820069793243,0.6861173125109495,0.6717068580311363,0.6634190824221737,0.6539667300146258,0.6414684412308972,0.6114743461419525,0.5970401827181767,0.5870951925859368,0.5554420870543538,0.5556497186531232,0.5530229537269674,0.5708721960277128,0.5704049316938433,0.5601592932427497,,,,,,,,,,,,,,,,,
18,0.5219564182080016,0.5504766685851205,0.5815520774311764,0.6108225779865505,0.6398683762733691,0.6715410394078346,0.6927789667660776,0.7224548818094817,0.7538307902641922,0.7879764055043131,0.8285753340788667,0.8679560686715804,0.90175356547056,0.9372608501006421,0.9674017528066182,1.0070760990869292,1.0437444230344464,1.0944178725858722,1.1405073742834102,1.1945206188254271,1.2744808852990954,1.3624637559332993,1.431269465559215,1.5076769184343572,1.583254273364469,1.65911904215513,1.7075188000479908,1.7256413248526097,1.770865925216317,1.835775092080937,1.924060489596567,2.053269574008115,2.1712848981216353,2.236956734985156,2.2928953066311175,2.339702276316437,2.3796744008149147,2.4429609211176984,2.5066899889274845,2.5412394518514736,2.5549410624705473,2.622238135084922,2.70048490945281,2.766161006926322,2.7938801832081515,2.8334018579722833,2.8948716012147426,2.969932100285308,3.0093186200527566,3.16253774699866,3.2294289023020326,,,,,,,,,,,,,,,
19,0.7767003211718195,0.8121143664042854,0.8489161825000611,0.8898916959809383,0.918622345487886,0.948682913497325,0.9715214816284374,1.0037169490490088,1.032731935021997,1.0701365419231699,1.0921783485994971,1.1138208298566334,1.1479452818480171,1.184319474936147,1.2249451379885943,1.2618945630805423,1.296294428108227,1.328539716067896,1.372278920060777,1.430246643034559,1.4674097207144152,1.5140342996309535,1.5244290158337284,1.5258633348352655,1.523538438884852,1.5146503247833734,1.5477366659215277,1.583407712480192,1.600710766368387,1.6400967132226503,1.6457114279342684,1.6594182967333342,1.6918616049807738,1.6991922872697354,1.7046060402466379,1.7273249406776987,1.7369438338261822,1.7317085961523873,1.7277691957591068,1.7642404901869069,1.8398457426488177,1.9042859851446283,1.935483187785182,1.901359893235794,1.9026499846780407,1.9376801124991976,2.009981969786263,2.1410201950063894,1.7778601812357406,,,,,,,,,,,,,,,,,
20,0.35761622896202216,0.38228366820851645,0.40851746119883553,0.446825692266203,0.4876702238153085,0.5389618819562562,0.5916625300210729,0.6479422729663799,0.713406081382443,0.7929901299658039,0.8787178966253074,0.9745046341030742,1.0556037119032988,1.143218907798157,1.222260717887736,1.3110401381651253,1.4161671222635455,1.5434529198617994,1.676647179305033,1.8035424328549758,1.8849194919007957,1.9294476172869952,1.9468721307976449,1.9956332981697242,2.1034909613404382,2.223726287249574,2.3316914263761492,2.4485180943581017,2.4777609990087823,2.5131539346522267,2.5517045355347565,2.673752110535392,2.7572802185537757,2.758827465838874,2.6798123666369436,2.4381673558228423,2.18081901866974,1.9406885169292463,1.8313213731299243,1.7042262258205017,1.529845662486694,1.1521903784843435,0.8512942759581728,,,,,,,,,,,,,,,,,,,,,,,
21,0.9049211086434547,0.9775566179774864,1.049954187240588,1.1261692389681937,1.2084494097377232,1.269570117868895,1.3003221822058504,1.3049100714801156,1.309145512657161,1.3037304084551766,1.3035742391464036,1.317338970018049,1.3392304077337396,1.3770169263179048,1.4179674258283361,1.4612092280967346,1.4547556789655591,1.4689577700927643,1.463171904578399,1.46325948902808,1.4628897127106906,1.4489306538273876,1.455005529975936,1.4974349841028354,1.5228214140917926,1.5552050327716862,1.5152465613663513,1.416577935653659,1.3198515283829155,1.2365518679561294,1.1755737747374155,1.1097475537711279,1.0838908982514095,1.0899369428156922,1.1224344323487119,1.147178066028187,1.1186960692324273,1.08218090584939,1.0469619328729782,,,,,,,,,,,,,,,,,,,,,,,,,,,
22,0.3174730191794116,0.3517027795550242,0.39021502051534057,0.43441780588939855,0.490052767190338,0.5537554760254805,0.6416284412584914,0.7540900146594575,0.8966438987956235,1.071910175460292,1.2778223030221836,1.5143716694282279,1.7263057054592537,1.901186781402647,2.04908329983716,2.1662548782498763,2.284565659802149,2.379562107338989,2.47381498990324,2.525220006937113,2.5304080087269787,2.4496261604070395,2.276153413495528,2.1021779795081197,1.9111826472327846,1.7510903831802245,1.6170033855463197,1.48542461487786,1.3656938545055328,1.2382208173713596,1.1236285341842354,1.004434729537886,0.9076555710294244,0.8009654087915175,0.7403306880061865,0.68599628114235,0.6665873149252035,0.641241543952799,0.6147658198828411,0.5709012374452732,0.5183901576034968,0.5064601916185864,0.48820405861012545,0.48599848509740484,0.5039641030249156,0.5128182590120869,,,,,,,,,,,,,,,,,,,,
23,0.36107225107848345,0.4029307469914012,0.45045466320866595,0.5013140960159589,0.5557487469088385,0.6163076999039668,0.6985821880594354,0.8160963395544909,0.985610121072222,1.185123286289308,1.3944389719022579,1.5929704189030058,1.818554855495049,2.040559815805296,2.2235114143365102,2.339825589301563,2.373219352797758,2.3532408862860943,2.2867495831360984,2.161554122968983,2.004121724459576,1.8911966047009146,1.7894696160227266,1.7593425959386912,1.7161577652347353,1.6381878597171131,1.5902732086584048,1.5090908267807932,1.395902824973159,1.321394462742505,1.1954727660866222,1.0556122633971676,0.9284941921448698,0.827681198566515,0.7479950457375802,0.6630038093179584,0.6282545700060552,0.6095080008331251,0.6000609767099939,0.6004699387932464,0.6008536632964151,0.6050620329222113,0.6096261454349535,0.6336530265647032,0.6334934277166192,,,,,,,,,,,,,,,,,,,,,
24,0.8784667311325484,0.897474169004577,0.9328619366321945,0.9786426713163908,1.0246107798911572,1.0802561786705378,1.1447423926733822,1.2191356329037584,1.288499596657548,1.3098596494302122,1.3119367677701452,1.3236605302829716,1.3428631953802512,1.3599960850258148,1.3923905416417288,1.436258405545847,1.4800427670672573,1.5142253258316987,1.5272869206155701,1.5346133631712944,1.5592180480416449,1.6022309268461221,1.6078955033309237,1.6069813458259363,1.6110913460486633,1.6007323866472232,1.6093656268185113,1.5963500973477154,1.5812925547619565,1.5920020868291918,1.5874834801339537,1.5905176408028232,1.5707605358368342,1.5815987712423754,1.6203124068357349,1.6649859640968112,2.103296482996323,2.233249815079029,,,,,,,,,,,,,,,,,,,,,,,,,,,,
25,0.8831441562291643,1.0037035531191936,1.1301381450910326,1.2458056726139357,1.3611781944870758,1.4583479249273599,1.546738694614601,1.636977903624532,1.7205341827189249,1.813344109560754,1.9094405764286921,1.973103026417384,1.9987191387040248,1.9916225643336791,1.9312085688108824,1.846221434009695,1.761199787209503,1.6594550546589293,1.6106012933637934,1.5689462601009339,1.5155762001827313,1.419001662168101,1.324073522273617,1.2192290709748,1.1031813845215779,1.0010197345414842,0.8786064726362013,0.7821558170783929,0.7005176283744847,0.6652879588230609,0.6305737872767698,0.6139531493632645,0.5902293467100409,0.5791704049338235,0.5583852410763837,0.5522645504208046,0.5503936305243419,0.5419517364382633,0.5310477035557636,0.527596183784392,0.5218264342340682,0.5198399652884658,0.5135858212339762,0.5018127212161143,0.5168725543759136,,,,,,,,,,,,,,,,,,,,,
26,0.5096946190901593,0.5360069568717404,0.5713625368869356,0.6167965576746243,0.675464135809761,0.749039265653348,0.8295755519334065,0.9118508061109724,0.987399772986395,1.059711470755645,1.1418125272328619,1.2299236704757048,1.3155149895386662,1.3806574850957436,1.4195361856812392,1.4571788192757031,1.497350101449802,1.5606068256617098,1.6208762125070464,1.6728570400905036,1.7183412646505714,1.7382015045778818,1.739270655569235,1.7121568878109952,1.687499757012616,1.6495515590277359,1.6048965484282451,1.560384546434349,1.519166544103219,1.488118500087475,1.4885585558105332,1.4867802948832187,1.5143498790203964,1.5549949804572247,1.5933881176265952,1.6269770528735386,1.6457171989241177,1.6315203144234147,1.6091947536941023,1.5913298654046197,1.6082591831222985,1.6254106486791207,1.6346889104760924,1.6313295907235819,1.6262141269625279,1.61877113769344,1.6252106623235587,1.679375374347342,1.7653014015512314,1.8569270078143212,1.967580455636536,2.1259974116689313,2.337105856683433,2.4933460334739417,2.795827159873371,3.6520420659759347,,,,,,,,,,
27,1.0951559621217712,1.1971479054259508,1.2947122130220259,1.380611812552448,1.4299003500325649,1.474449402771666,1.4864370503867443,1.5011613324910318,1.513464554627288,1.539138818358962,1.546100918619522,1.5477090534188167,1.545634502637958,1.5324777543471717,1.539243845019858,1.5280480058903523,1.503490570015364,1.4457668717588226,1.3785177953412349,1.3314029052880132,1.3057885792754644,1.261077190608846,1.2435571044075768,1.2266198646065534,1.2034198159920093,1.1961123939382303,1.1703021560636893,1.1517121493898081,1.1142045158737186,1.0895608343434453,1.0453883126831685,1.0261477971928183,1.0104789680195454,0.9892691816172399,0.9472888720545833,0.9277833564495931,0.9021585511489322,0.8773745069947618,0.840472285841219,0.8264537148969523,0.7983209921999396,0.784461139906731,0.7660118348073243,0.7546289654485165,0.737369373180647,0.7906298163150014,,,,,,,,,,,,,,,,,,,,
28,0.6047860412880323,0.637044360138963,0.6691733114404214,0.7187852940586348,0.7833512818843846,0.8633355308031908,0.9448480055800073,1.0132336152552868,1.0886457367038234,1.132518142258479,1.1482326685626498,1.1604597990245802,1.167636780514052,1.1708308608973323,1.162434376954484,1.1599674805770843,1.1600459849911735,1.1723126587583428,1.1858871861610425,1.1936606334771183,1.2236753879123683,1.2397961104473298,1.2824140372742392,1.3278509787063615,1.375759172647603,1.449703925220544,1.5132546815263048,1.6082233964322963,1.6669742169955257,1.7515442802378534,1.8003069571924717,1.8586017545386435,1.9130415601108133,1.9734765542052664,2.060539965481535,2.164573115798638,2.2700849705725283,2.399674074648598,2.550724128843456,2.7212543628265147,2.8966627473050557,3.14047951024846,3.4020722574806244,3.523737140630142,3.3088440950672426,,,,,,,,,,,,,,,,,,,,,
29,0.5676909627773947,0.5839413729825135,0.59383586471467,0.6116059746945604,0.6324886335660341,0.6557984073872668,0.6819577842166298,0.7117674332681995,0.7426676716476238,0.7744924292888276,0.8093280261267188,0.8537163963619725,0.8964298882321721,0.9387364697862429,0.9802472683380925,1.0383512157807138,1.093929689309122,1.1442453914640232,1.167247119064779,1.1849029789940175,1.176614342794648,1.18870812041701,1.2112340406070419,1.244676000489154,1.2804407835096925,1.339240987849647,1.4074464339312138,1.4591238644072746,1.4849002544405276,1.5241382966324357,1.5551475650127964,1.5919944806321085,1.6135854060514794,1.6275138609673507,1.6457794071348841,1.6918954329143432,1.7456575869614426,1.8177881706284624,1.8622165202711294,1.9156882750057844,1.987542891798248,2.0583999657878542,2.1261433784922463,2.1583730944457598,2.157133622828014,2.1504961190069034,2.17680803128136,2.2098201152760724,2.2261246855371875,2.2348487972737523,2.258774915332498,2.306741438696572,2.4070017097479632,2.4662277045617143,2.4650398707384404,2.3704078451983546,2.233967487140877,2.1433562963984447,,,,,,,,
30,0.2587903549868933,0.2897885960263093,0.3285906236169771,0.38700893664442054,0.4691436240160932,0.5738341803797666,0.7077129433204452,0.8638765509605801,1.0450761631562182,1.235498754299866,1.407896315529282,1.5469022068474774,1.6413117763212817,1.7208092203456002,1.7715666116868272,1.7974210670356787,1.7878522761612208,1.791248162528792,1.786776112179787,1.7789356796136349,1.7628083477915355,1.7632769800062236,1.8163080069414148,1.9236499289456,2.0462322589502753,2.1077356430288217,2.1764879298078705,2.2198405423980985,2.2882399227172994,2.2988864685859136,2.2048242094566297,2.025897253821182,1.7442601378871836,1.4241845265073039,1.20099461546088,0.9271098101733423,0.6708595814134447,0.5260228109202858,0.43646357838808514,0.3745923694144654,0.34012867061978036,0.3173564709566434,0.3075437897279689,0.29257939041644015,0.28344437597403555,,,,,,,,,,,,,,,,,,,,,
31,0.32222490917434393,0.3754851927884578,0.4814626867517839,0.6618024570622414,0.905014990510742,1.1351350426825428,1.3051430597794835,1.4314750872427728,1.5608221150170936,1.6790873767750578,1.759544853895051,1.7390369229988665,1.6519726461915407,1.5843079460516518,1.5570363552359627,1.5436867057547512,1.5342609393618647,1.5391357330112034,1.5648042985944057,1.5777307328534933,1.5884686235134537,1.5648360435346742,1.5532641069987438,1.4994886688179365,1.4363483298095896,1.3639539049593012,1.278755275780585,1.2101522859014513,1.1525139475101327,1.1230383836498405,1.104974874012916,1.0991222437049086,1.0982125514034908,1.115361323535102,1.1423876815891294,1.1435823729714993,,,,,,,,,,,,,,,,,,,,,,,,,,,,,,
32,0.6777441072822648,0.7410954016020513,0.8468291480555492,1.0194358362402878,1.207668487846008,1.368477474936957,1.5047031931106238,1.6458997591918423,1.7736658632191373,1.858491446899482,1.8779292876067624,1.8510122521516679,1.8049612290658619,1.7407942903602711,1.6945961528290372,1.6463794582537956,1.629495621745667,1.6472641851776249,1.6727732409794338,1.6864943066564027,1.6846787174100308,1.6798055164512846,1.6600315553365836,1.6200919283334079,1.5744653330075098,1.5243182134550401,1.4685704049279567,1.3934039121071928,1.3182163739459631,1.2397810566383216,1.1872327060480077,1.145089199405663,1.0893999025145815,1.0575770980024943,1.034021795356764,1.0072980291725426,0.998342010884813,0.9813877120174314,0.974059624126181,0.975264567945587,0.9714330927859002,0.9665813075865024,0.9693126989940114,0.9845163439501007,0.9803504711979707,0.9807210424083402,0.9854473172438539,0.9773147770060376,0.968586674340972,0.9766414211512595,0.9808447511400288,0.972491241719408,0.9426750091160665,0.9404529937413263,,,,,,,,,,,,
33,0.6462509811738548,0.7159371613687004,0.8008426709099327,0.9002885813406157,0.9951676329227017,1.086162286088594,1.1722193682110138,1.255994976648683,1.3175689797740735,1.3602729714308444,1.3831568768080067,1.4095306917362396,1.4435463060011813,1.4716478267854953,1.4801398779990873,1.4779521180747806,1.473214518280817,1.486360018676881,1.4787334299508683,1.5065365520543847,1.5008971528791042,1.5117353681279773,1.466598225272683,1.4271520259544492,1.4021486169125663,1.3848705390817415,1.3431858561349632,1.3172860197569831,1.293619876727303,1.2949335766744599,1.3109070233338158,1.3227199509589738,1.3419717842210395,1.3618665250987982,1.3615055457953855,1.366817508926925,1.3775376655597862,1.3959107671214905,1.4143769209055075,1.4246442492991156,1.413558852492158,1.4603868672350884,1.514638524898831,1.5454526838875446,1.5608651451485396,1.5317406955739172,1.515184390705502,1.5236044335890622,1.5164106506504809,1.543268053988605,1.4955947854781173,1.3938033533105953,1.33100624471882,1.3878323475130592,,,,,,,,,,,,
34,0.5109595286972806,0.539085725600844,0.5890832375357009,0.6722655687945066,0.7804706189146424,0.9336429405562772,1.1350845858674838,1.3530492644148566,1.5712608100904675,1.743279847116563,1.8145220969412303,1.8064924752705744,1.7476306447073473,1.663085765082613,1.5930238734940698,1.5487369134266313,1.5300517759307357,1.519602554341295,1.518163156166975,1.4897320697089387,1.46524700046457,1.4361760844438156,1.4499875811224046,1.4756119728487862,1.523790804211961,1.553605402888985,1.569789657600483,1.6053217941155358,1.6952966181581064,1.7727173382294905,1.826105857481715,1.8864532157051184,1.8631543002977207,1.797700980248975,1.705020964149843,,,,,,,,,,,,,,,,,,,,,,,,,,,,,,,
35,0.7245266914392248,0.7783674807242537,0.8551403072034099,0.941222739753626,1.0608542447842213,1.2105235521279756,1.3662936713118108,1.5006354052605624,1.6161340112310831,1.7110836243765728,1.7997388710644115,1.881639303575495,1.9123148354253277,1.9219415251180751,1.9242948023986755,1.887236377193607,1.8449069991845697,1.7897631357569053,1.759239062071295,1.7534426971963368,1.7438828483080113,1.7378850405493083,1.7318319297820925,1.7122589794369065,1.6719123607194553,1.6252746260514883,1.5592559320631125,1.491052211340707,1.3951318239664419,1.2733725436030807,1.1685867831578027,1.1040130590452004,1.0686409099092482,1.019561372496583,0.9994721750851042,0.988968532162716,0.9828400358508704,0.982517570503274,0.9730746035403001,0.9513829747378921,0.8984462595783113,0.8422160687239427,0.7899053184863256,0.7814646950538425,0.7687501704306525,0.7528638464411516,0.7584483371469932,0.7629997064787307,0.7576819624452558,0.7609737511741933,,,,,,,,,,,,,,,,
36,0.5977093325341272,0.6784993590319479,0.7737296485593095,0.9037948932961578,1.0512538905338944,1.2071982077046015,1.3309650491032443,1.4311734478120108,1.4753633643606194,1.4787261630051296,1.4711434890054433,1.4556063386207272,1.4479989259484851,1.4321642019125884,1.4288971624357625,1.409306354498513,1.3825323327162913,1.3512809831919328,1.3117188154927013,1.282311254883007,1.2338979579135998,1.1982331302145495,1.1550701843136104,1.134710265788166,1.1093629556527147,1.099994411545509,1.097471618428359,1.1041261963328863,1.1183967147453238,1.1178726579081502,1.1269637953150882,1.146967099475435,1.1810006517079288,1.206777013761914,1.2110654853005973,1.2286580698054594,1.2220777840516577,1.2279335102171234,1.256332327147166,1.277762451162614,1.323346212942942,1.3716232891941278,1.431770179584785,1.5324430841983938,1.6621903960368885,1.7778699836073963,1.9254126907490832,2.0277630797849047,2.206177398408902,2.4711481356436353,2.607539151521971,,,,,,,,,,,,,,,
37,1.1082531100879316,1.2143479285885792,1.3313648673296405,1.396077761281053,1.43391796813161,1.4743642095696856,1.4917904537197935,1.503230528008777,1.5049946107338403,1.4817801875484113,1.4584111982020422,1.4467209741788345,1.4379877679881754,1.4500032058560306,1.4451580489478144,1.4576574003916023,1.4555335580425945,1.4322609654794567,1.4197196429765546,1.3885089970169509,1.3535537336192451,1.3290679570114265,1.3107358174628656,1.2803114535558733,1.2606867906637262,1.2399311994050994,1.2360399923351066,1.217402482646933,1.223624499437585,1.2005329983953834,1.1725526008538636,1.1683716017042005,1.1576196376216075,1.1304625170827687,1.1313465774522196,1.1166388770715485,1.1002131438889948,1.0915688305604152,1.1015761638029717,1.087784692682734,1.074384951139974,1.0818415633027179,1.0733565505050437,1.060982881863416,1.0405854255551072,1.039275085958443,1.0164444875847627,1.0323047586357816,1.0293575839639388,1.04331675876034,1.0550528133938608,,,,,,,,,,,,,,,
38,0.9106247623712961,0.9976956249066042,1.1000649907642315,1.1917591273400276,1.2830361671161294,1.3346401113738378,1.354804312433388,1.3796784835329994,1.3955852028011382,1.4155583904536861,1.4109751967676942,1.414165081987301,1.4168316648914911,1.4058823628406498,1.3877570713007379,1.3762105773376476,1.3527579547878494,1.345341319428676,1.3399894382301303,1.3400109018615094,1.3656520155399396,1.3699985467267892,1.3556992146362257,1.3379332122162286,1.3055576158201458,1.2783431451373124,1.268002610323017,1.2414067414302508,1.2271944197350446,1.221883618726901,1.2136776291167302,1.2035269361254581,1.19223615310558,1.2070358250998083,1.1885282904978236,1.2075970549925341,1.2086422076192385,1.2213015058614225,1.2023329796359246,1.2152845993370822,1.2318865626753925,,,,,,,,,,,,,,,,,,,,,,,,,
39,0.5386481608501977,0.557950637169546,0.5748899704389904,0.5978677738937554,0.6310525774100553,0.679477510634669,0.7364424368518581,0.8080897148359171,0.9089227549891535,1.0536000573115283,1.2270143776289544,1.4287344797467625,1.606436795115378,1.6775066452651732,1.700856553144235,1.7099065303448138,1.7257897126941986,1.77776294916564,1.838093235473784,1.8941873018113844,1.9680640306548538,2.0090142824331845,2.013817698573125,1.986916030572476,1.9093186842797132,1.8141229811712758,1.7405756029392914,1.6628680031479917,1.61576471719111,1.6186626276686635,1.6546919347993303,1.6890444952464456,1.6739200757452164,1.62572907272101,1.5585332832382204,1.4904582714109635,1.427172943237823,1.3649662443740822,1.3343258560530868,1.3439112161892974,1.3604212758097662,1.3741720546663545,1.3975604244926514,1.3806822059184685,1.3848457976405544,1.3948359923894411,1.4225732702458835,1.434620287129047,,,,,,,,,,,,,,,,,,
40,1.0605449939072975,1.0926522528469134,1.1284043767621226,1.1821716460208602,1.2305922590263219,1.2846049757221545,1.3552971939077707,1.4020998978755324,1.4430266553403974,1.472341298682181,1.4733869502010042,1.471500169600515,1.4416222883242371,1.4349503833333306,1.4310809501648623,1.443090047548838,1.4670616616153238,1.4643141321562458,1.4761120196520099,1.5039922879516447,1.5285273387088776,1.5479480845793525,1.5297223751091216,1.5221956636726846,1.4990035820057135,1.4855060283000736,1.425186977860753,1.3659472735148104,1.3119194519009194,1.2681283241510068,1.2066437473803662,1.1436750959660604,1.1011944472288084,1.0803683776005653,1.0747123982034197,1.046536243448416,0.9901141232867805,0.9432300932847041,0.9089512676584123,0.8857648661584882,0.8748016216541309,0.857785042659001,0.841322584160096,0.823297122269783,0.8102463382575065,0.8081011021829211,,,,,,,,,,,,,,,,,,,,
41,1.2600365665297588,1.3177763400566256,1.3774369850374761,1.449323872171831,1.5046352659706084,1.5370119548330272,1.540857877122316,1.5225147839146485,1.5124815048278073,1.5366350511754918,1.6245587955204768,1.6858658304006504,1.7214396916828207,1.6950821210007296,1.6636538466591042,1.6304693362905007,1.628261663055198,1.6387339727562296,1.6169488173536886,1.5382301972319234,1.452401176077298,1.351383586288221,1.276716915725269,1.2099190242271003,1.1720189783679735,1.1368705952693163,1.1103330330654453,1.072473468682045,1.0457840208900573,1.020222170556685,0.9869874264275953,0.9620166252068169,0.9486018798165456,0.9569537261760921,0.9536638336722456,0.9527179484343915,0.946950352937605,0.9444814681949075,0.9382335737265732,0.9440642111124677,0.9376877251308878,0.9363413313217727,0.9294316832564519,0.925877007644879,0.9357847035750932,0.9286157619469342,0.9213098977442804,0.9281938044015445,0.9441562702197448,0.9423241066908588,0.9555216111584679,0.9389649450818659,0.9452710363843363,1.0034795650922703,1.0656821757802915,1.0878850986681057,1.0761927217372191,,,,,,,,,
42,1.0004666045286905,1.0533480173041831,1.1096644682668138,1.1925932596987703,1.2526472313089325,1.2885751403190127,1.3128068384392797,1.319178445307367,1.3279537050486592,1.3357960641085584,1.3316609692202335,1.3098317975215932,1.2752599472635817,1.264875569437753,1.2549912802267513,1.2508514387475382,1.2405240429100228,1.2367590995113988,1.2128807285457384,1.2018050700518348,1.2098543941074686,1.2084733921805006,1.2343512853635084,1.2625642340955838,1.2880340617720376,1.3125743972004338,1.331850038889331,1.3473389535675167,1.3551386212046146,1.3822416412383935,1.3802097025134168,1.3915781422178681,1.3998803828314719,1.4050167411223404,1.4390556426240253,1.4769887801930395,1.4959309625473554,1.549890122901547,1.6031767753730486,1.629223340448047,1.657508828484315,1.6637001294186669,1.6650502573482764,1.6594448474730332,1.6250375722311297,1.5830127458525183,1.5363331626282979,1.5260074669808161,1.4851074681879342,,,,,,,,,,,,,,,,,
43,0.2200499456710448,0.2285390087569186,0.24088496938331994,0.26034979412305137,0.28685340206017335,0.32230172308386457,0.3668105401816711,0.42413119746961037,0.4988050983724134,0.5965244712747865,0.7235426511283911,0.877121153910104,1.0528725117362379,1.2675033735138683,1.475722463304405,1.6763334166217239,1.843255642735863,1.9889757712073957,2.128028436375687,2.30881831048892,2.4756852772430853,2.64633238709083,2.7746226570867636,2.8498823107527826,2.8681827861756735,2.844380218599079,2.766065297964062,2.625803431379316,2.437157520682886,2.244358914681215,2.049032107517283,1.8703731931202454,1.7148137648065065,1.5971378573217392,1.476596752349221,1.3700372334585147,1.2989838221659507,1.2140097454235148,1.1299401433569072,1.0208626957805516,0.9182279593449979,0.801518013458008,0.7401280341278778,0.6707323300153933,0.6298514248513167,0.5910061313291343,0.5645756411180538,0.5398712335158098,0.514363990172673,0.5082337044861759,0.5016627016710621,0.49819050689205424,,,,,,,,,,,,,,
44,0.696740974564914,0.7473354543223691,0.8081211636236264,0.8730890244588764,0.954399031351577,1.030422120141137,1.1173987276191828,1.2023969882515717,1.2759459687697752,1.3606373300269021,1.416438096307877,1.4918071531827564,1.553294717914305,1.6254098955838852,1.6835700912907932,1.7100362767024848,1.715685382739577,1.699003574559302,1.6958746588054836,1.6847798599295478,1.6901776003369462,1.6930709236241497,1.704258365495847,1.7273068583560247,1.7537181513437734,1.7840649083325197,1.7869564779154008,1.7849991675759813,1.7076096363798803,1.626846515656925,1.5054891407243474,1.3898214508996332,1.3012273197721183,1.2099100543285493,1.148657476200547,1.091268449289775,1.0669641947533004,1.039188051088641,1.0423635818363288,1.0449739229189563,1.0214561283569181,0.9987711722937602,0.9765926372275149,0.94470911891434,0.9483600911586187,0.9000791790088225,0.6883006756535246,,,,,,,,,,,,,,,,,,,
45,1.122211083333089,1.1737066431335605,1.2359925523205828,1.3099628897560216,1.3745098076070044,1.4261441475300107,1.4631798549409643,1.4831205631558082,1.4727236808769892,1.421876195637226,1.3947683696918054,1.3699355429531317,1.374753371952274,1.3651309214324863,1.3424945052194728,1.299413247109755,1.269496504871387,1.2631495331143006,1.2425168597613694,1.2501401983964606,1.2534053392569735,1.263541332147592,1.2770765982001218,1.2599414231367803,1.2487443901330686,1.2502406825989762,1.236030349181527,1.2032294600971705,1.1846710214038603,1.1684198258943201,1.1759115567779206,1.1549543090490695,1.1506733360606993,1.1430549436504298,1.1621499536258313,1.1673183824800888,1.176617743795804,1.1975347152735545,1.2393343293842762,1.2740895728860453,1.327796609738483,1.350489581532077,1.40244682690645,1.4714075739235688,1.5075380092845077,1.5933422855784198,1.5964970415535793,1.5524505323485092,,,,,,,,,,,,,,,,,,
46,0.8503125219298335,0.8706164257713837,0.8998719230733457,0.9328465911844482,0.9646733860230069,1.0040408412421125,1.049373475632859,1.1008557107116805,1.145111222328529,1.1970861199413696,1.2415098420399255,1.299742828347667,1.3688756701365894,1.4262522567720501,1.4717581126123442,1.5149543570016124,1.5383488090777526,1.546976518522495,1.571198219907202,1.5705301196447898,1.5888008039946204,1.6029418645955735,1.6035645580092663,1.5944688738113726,1.566297913382074,1.5584608052160909,1.5454932396024157,1.5643741633120642,1.58259387143433,1.597888715563009,1.6440352195605845,1.7082977647301592,1.7405251706282165,1.7484666110446299,1.743185280739402,1.737134685639064,1.7147437528180738,1.7148703711479143,1.6890215708620389,1.6639184669754228,1.6299831664428481,1.6246223171295584,1.6450571481083776,1.6569674850595622,1.6509321543701239,1.6477325108663043,1.6089008342627134,1.5472633418654982,1.5170953674630665,1.5537303571633585,1.53384736506667,,,,,,,,,,,,,,,
47,1.0831706722242382,1.102155617958637,1.1056710220457266,1.149255617596262,1.190875725591166,1.2369188155338597,1.2378551031957739,1.2657391967104585,1.3349773131962326,1.4621480450764959,1.576609428778838,1.6490563903864763,1.6948134197856144,1.7241403406412752,1.7897616055898615,1.8943536001036083,2.0433470736254646,2.227306222948833,2.5071640978355907,2.7423366285810995,2.779119599816445,,,,,,,,,,,,,,,,,,,,,,,,,,,,,,,,,,,,,,,,,,,,,
48,0.34051076941149033,0.3735001941434204,0.41184848036999894,0.4556755687744464,0.4988631250823237,0.548161445468515,0.6147112767497316,0.699818222982703,0.7891119782751774,0.8678011710828685,0.9201236862043892,0.9746980159656906,1.0207115479524798,1.079450632168524,1.142195296794027,1.2104853890408493,1.2758915883075868,1.3432135524893094,1.4210432120888905,1.512052512696254,1.5820179009371849,1.6857635878435617,1.7657339392139988,1.8539587718388992,1.9477528638480912,2.0604833245503262,2.1292847526067553,2.2041242310447062,2.2675469628018945,2.333818958818737,2.3764410606294644,2.423680317436511,2.4609978992981563,2.4805523252895476,2.5493433884585923,2.6327472381225627,2.705750237713844,2.792816308105412,2.8447125921386847,2.84592107505479,2.947516194236735,2.9957017942492437,3.049177974854977,2.875859123415609,,,,,,,,,,,,,,,,,,,,,,
49,1.0044760829836656,1.062941064268138,1.1288207058586177,1.2170366825901078,1.343467239572922,1.470267679136827,1.5804193517898684,1.6967872514504054,1.7821336997544979,1.849291415313201,1.879289477036537,1.8796376917927522,1.874409599254793,1.8342785745949284,1.7966769958687148,1.7441424808557309,1.7101536217561877,1.6763831349405074,1.6349280153914727,1.5810316553425587,1.519535870313994,1.4428468128311962,1.3722852368241711,1.3072134180062256,1.244550639460707,1.183415551089979,1.117491195478355,1.0362378888919164,0.9723514444947403,0.9119037137620256,0.8533918909683215,0.7893744040825654,0.7205135676650809,0.6692506464929827,0.634220616326796,0.6014293182853596,0.5805237078981618,0.563026801359769,0.5514521648923583,0.5287454902160398,0.5277453803335438,0.5189465316715205,0.5134291298857742,0.5170239303569477,0.5073222592154597,0.5069159467824219,0.5008231394152475,0.4940485730488128,,,,,,,,,,,,,,,,,,
50,0.9332454878831933,1.0065959314103403,1.081866688432519,1.155213106332733,1.206940070766303,1.250721598681144,1.2795404751644404,1.2969102626919211,1.3152341462998907,1.3302298358308815,1.370397691639996,1.4109858243012663,1.436389562067977,1.4510045151000184,1.4601142568289285,1.4928477154926458,1.5133894739040614,1.5258170657237176,1.5017709395637175,1.4795316642128886,1.4408628390878224,1.4266972040549017,1.4125599368853838,1.4076547082446547,1.377626486041377,1.387262446132147,1.3898824914283117,1.440421803630495,1.4307587775606792,1.3811952493909287,1.2837054349166512,1.1258652158723157,1.0323675290965846,0.9333745775124945,0.8895177445664715,0.851720401434696,0.8588729276861223,0.8480195647950771,0.8221525852868498,0.814984629857069,,,,,,,,,,,,,,,,,,,,,,,,,,
51,0.3488276334990463,0.3902047676585252,0.46254687413261025,0.5789784846337571,0.756782987077699,0.9644239756567632,1.260167167559991,1.548471719525777,1.7875393324918563,1.964285548796756,2.0823324989316703,2.2212812380438165,2.3024232005591267,2.334570221012848,2.305666508004583,2.2754523471805657,2.1564471317674236,2.0039697034312414,1.8830557799981489,1.735854176574283,1.650376082651785,1.6211795646839122,1.6087622920961786,1.6404653039847088,1.5672442858553486,1.4710407377345198,1.3408327413326215,1.2489251564329649,1.1749929022730605,1.050783744596252,,,,,,,,,,,,,,,,,,,,,,,,,,,,,,,,,,,,
52,0.7013935006534419,0.7470713718190954,0.7920162524052111,0.8512532551701056,0.9071415573372025,0.959454933857177,1.0116270486169014,1.0545996420306294,1.101823027032638,1.1233293048923938,1.1643865352024132,1.1975254124300283,1.2493501766895714,1.3091654873671064,1.3655615409370916,1.4156228709558054,1.4709653207785098,1.5184402456633135,1.565381652712227,1.599732449509531,1.6344148896017534,1.6663526707586969,1.6746621853792325,1.7162536766736216,1.7572299197581902,1.7904565228535014,1.8155810541469488,1.7644168369718534,1.6960965898361613,1.6140768299016868,1.5604882815548413,1.5229301131689035,1.5223924023086577,1.5084897491553773,1.4958811380277708,1.4720773044434021,1.456092959740023,1.4230700368654263,1.3890856045619593,1.3750528284090096,1.346560908480146,1.3170544695607118,1.3184328198206623,1.3598559925673581,1.4632895289632815,1.545713317107798,1.6372328100006275,1.6284672582469404,1.540980019564285,1.6216747707715788,,,,,,,,,,,,,,,,
53,0.8117820678586908,0.8439738348918264,0.8830076493009018,0.9330746422627341,0.9689071962287534,1.016598970977816,1.074273515344803,1.1477384854119368,1.2131444173106651,1.2559652328890571,1.2782703415893275,1.2950173588115397,1.2982711662951254,1.3140332626011801,1.3352797136425638,1.3670608831236704,1.4018497291308476,1.4285784439479743,1.467166356803787,1.510816309714282,1.5715852551535374,1.6240245703997,1.6596920954225212,1.683605305263237,1.714467941563574,1.7583779110210618,1.7903725433588282,1.8457611139164436,1.8565479454808285,1.8233304885586454,1.7652496103167257,1.6967350201413371,1.65159845389108,1.6494620612025774,1.6661558785725932,1.652162224183879,1.644013664935566,1.6562968487489969,1.6829763464345164,1.7138952946800372,1.605244194918249,1.489693269238362,1.3083219291089963,1.2264062371754818,1.1608992720544677,1.094968015128953,,,,,,,,,,,,,,,,,,,,
54,0.75297005549133,0.8194542606421691,0.9049967066717254,0.9848311052230678,1.05151416001757,1.0959013906345418,1.1366553541693796,1.1661806394018075,1.1808811574314453,1.1923442596039722,1.2106311160567682,1.2427562945981276,1.27778594471619,1.3084400013017596,1.334839546962285,1.3463884805339532,1.3753748151377687,1.3895373655267838,1.4004000125135092,1.4207161341930927,1.4325596374450895,1.4492139799217296,1.4522319257900254,1.4515624257642954,1.4657119242873722,1.4494856268053762,1.4583804288324342,1.4566262446335752,1.4611526601151983,1.4729888112827385,1.468670174495904,1.4884128779821262,1.4874955259467246,1.4784692262750432,1.4765881312908846,1.4845897750404433,1.4786538224916315,1.453303592753453,1.4269621763447455,1.4213224471025256,1.410857962974605,1.3995413413301652,1.398438581873874,1.400637608167992,1.3941106157327103,1.347978062696077,1.321124937429166,1.2862380293686493,1.2698288897548842,1.2598253562800055,1.2492561401084183,1.2273916691825741,1.212850656749665,1.1953085914918455,1.1776956287510512,1.1571427217369017,1.0910307702912574,1.046216842864147,1.0005485013132642,0.9656710564230335,0.9664785498403488,0.9548376923556419,0.9342232818971934,0.9013699180442001,0.8667227559065114,0.8445427071263849
55,1.4145120368216644,1.4855805349055418,1.5542563212052931,1.6036983123555686,1.6799477289480713,1.7343123767145288,1.7869826092864447,1.844329165797376,1.8709764509492415,1.858584947262155,1.8107189297616841,1.7290468475772935,1.629511004433527,1.5403616291969644,1.444526765828332,1.35394208527813,1.2692431693122581,1.2025290683365353,1.1274415637124928,1.0550536065806615,1.0060630430927997,0.9650526859671827,0.9466583772267932,0.9166895452955238,0.9000137349950973,0.8789763278386855,0.8741442124340867,0.858049263912363,0.8428104635785096,0.8322287050017563,0.8263955805685754,0.8222987191887465,0.8191318223615606,0.8274519671626666,0.8086345171705454,0.8092467576604384,0.8173329953838304,0.8168699468771273,0.8207672876815916,0.805861544821841,0.8523759197033325,,,,,,,,,,,,,,,,,,,,,,,,,
56,0.7887284105724565,0.8264229718141126,0.8787312876974994,0.9317848752976511,0.9899968405417089,1.0432944453346993,1.0984917706636699,1.1508438511660561,1.207446762624524,1.255594020140147,1.2983558548949996,1.3409568422903477,1.3850787583750193,1.433619195000312,1.4862209321653972,1.5469755504666027,1.5786883461200858,1.5967735521147008,1.6177778027059115,1.6388916879506052,1.6570331579034034,1.6704242834954965,1.6778341484397308,1.6767153804061905,1.6961152910081323,1.7216146722398553,1.73106707486933,1.721418448338167,1.6911158736494574,1.650286057236008,1.629112846652557,1.5972101790764717,1.553521423111714,1.5196208529667525,1.4798271741889908,1.446359042693781,1.4117157362157184,1.3798795146419784,1.347498058833625,1.3007709814732973,1.2874489629840058,1.2562045442291334,1.212113560774831,1.1881193733347886,1.1873183068610462,1.2123583519995067,1.217322057622151,1.1791140783062977,1.103790778678058,1.0038368336153585,0.9306440103515956,0.8693114935508118,0.8265629248999405,0.8181742217554646,,,,,,,,,,,,
57,0.9005988818316285,1.0206805903428955,1.161210119991019,1.274577499541319,1.3548717926535723,1.4121829515433033,1.4797310593974604,1.5268228681296505,1.5551209064127542,1.5513387853380485,1.5404535125767203,1.5197910433650885,1.504861828181296,1.4772765805447314,1.4377703683154477,1.3986148684601287,1.3537950979206057,1.3413625461615821,1.3393921529613124,1.3297789149309047,1.326570268352594,1.2898424814875717,1.2351730026902357,1.1693831378013515,1.0908167257638168,1.0136562533911053,0.9444401528585947,0.8934975018479395,0.8408981541384927,0.8039088999899727,0.7795765002949546,0.736553415857985,0.7050967800532036,0.7252397022087815,0.7998577055333304,,,,,,,,,,,,,,,,,,,,,,,,,,,,,,,
58,0.72516509162071,0.8160022830297156,0.923641461497982,1.03483923796055,1.1551544854846034,1.3109319447823473,1.4728491794547984,1.6185072463583206,1.7237367055115307,1.7896625681160232,1.8181521581230426,1.8208238421295342,1.8096344438191718,1.758968293073477,1.7126630422748823,1.6823880150555555,1.6748759226825527,1.6759685049289765,1.662463625059473,1.6287473443301723,1.5900233060256777,1.5289680793764997,1.4297463343139027,1.316229108372605,1.2027437308339184,1.1029102138742,0.9895174741516902,0.9056817690803998,0.8174974689209876,0.7556612005693564,0.697337017823513,0.6569904962453931,0.6290811823429172,0.6080117736441634,0.5955929531582175,0.5859275506744392,0.5833567681082741,0.570891348284645,0.5674938297994631,0.5494617894064903,0.5473068520264583,0.5473530601334825,0.5501482859820632,0.5394007576173204,0.5310795415962983,0.5221261603765047,0.5104443996687031,,,,,,,,,,,,,,,,,,,
59,0.9676176126875413,1.0214579019673848,1.0890136587817285,1.171518282499264,1.251690977714204,1.3268917960967257,1.3837022970968795,1.4374270734073085,1.4765230999778451,1.4915535804749953,1.4986669742215277,1.495224173428006,1.482325860560567,1.4774520666853905,1.4717358636843567,1.4487018934235543,1.433898949347997,1.4183813571998547,1.4145968578287504,1.4072027203918307,1.3849153088505397,1.3535119576918582,1.3376594194391491,1.318597685330321,1.309913963635872,1.3158774470173253,1.3367874063101246,1.364896623362784,1.3897528632431948,1.4421884994971617,1.4412922225764133,1.450722003266352,1.4407481538279856,1.404925885184556,1.388857615160428,1.3902315313881661,1.410038723971823,1.4327991168465646,1.4648107933011076,1.5142561184190666,1.5541106686037736,1.5493524956721956,1.5404144754123539,1.5230466034818921,1.5001097497806937,1.442326016508457,1.4191196119001053,1.4399437749722481,1.396841103997082,1.4028438804172891,1.3936410276730236,1.4219776789444023,1.4466928302822335,1.4133713529929366,1.3361601000432455,1.3246498009292884,1.3005076317732183,,,,,,,,,
60,1.1404449514499724,1.2123997651908922,1.2984844783328258,1.379075730109823,1.4587255550782903,1.5104242924492268,1.5450590478167496,1.5690378003211345,1.5699839577987842,1.5769433642918522,1.576729917102574,1.5650269908400931,1.5257021099402035,1.4708216074199585,1.424593685187855,1.3795438275684695,1.3553905459385451,1.3062824363918917,1.2787063322424805,1.2372963624957454,1.1905663474043533,1.1548298751948416,1.1231701410326183,1.0807570085254252,1.0510113720560745,0.9962120460497161,0.9599131797901846,0.9138818734450979,0.8633985434066574,0.8167057164270004,0.7909451364859083,0.7602192860768417,0.7512613515587422,0.7417337107315084,0.7257770647910571,0.7301115297458104,0.7130271526848174,0.7251702150953769,0.7088062796476329,0.7154302774797107,,,,,,,,,,,,,,,,,,,,,,,,,,
61,1.2747872761290344,1.3108033195199247,1.3391233432959533,1.3739666613411332,1.3842170391024466,1.397029431477927,1.4296851492316964,1.4583385075733557,1.5051691112298793,1.5413487379030602,1.581738244666961,1.611374107699103,1.6367846258437582,1.6511302047944323,1.6523555563580616,1.6354629610485714,1.6005579814853181,1.555013899904208,1.5168879358765117,1.4702375394610439,1.3956161728187617,1.362204696973035,1.3400073824597225,1.2816659323475812,1.2373505157957132,1.22261274552183,1.1821298219717369,1.168124239229307,1.1386926833681663,1.1397188607826945,1.1079119932938015,1.096603927758832,1.0872354705491647,1.0740700540152588,1.0661336037952358,1.0664381130988736,1.039409688339666,1.0538897751041953,1.029194359707335,1.022099527691367,1.0243272135680244,1.0011162183178952,1.0040316342660263,1.012558442200345,,,,,,,,,,,,,,,,,,,,,,
62,0.6425214582471394,0.7422731464703012,0.8660121573944872,1.007228416251256,1.157719424939107,1.2854163509760317,1.4047169311253955,1.5082538506922394,1.6062767665609041,1.6917991068283944,1.797877998558928,1.916290177600408,2.024701253945477,2.0911003154991556,2.115133501170602,2.115280775528622,2.0883107279732105,2.0540609601101583,2.0057791031300067,1.9515314654024885,1.9053060008860836,1.8345753953393802,1.770445488925056,1.6974301591938803,1.6325598106383483,1.5556686907040012,1.48557882527137,1.4254463182727914,1.3545580287734413,1.2827286272507532,1.2112724555942225,1.13286111166503,1.0807254100922616,1.0309989789610157,0.9994747555726164,0.9771397880843681,0.9671090462162902,0.9711369464111658,0.98970130246176,1.0055674173136464,1.0053990979310765,0.994855313681336,1.0010858305819694,0.9908327493187215,0.9382689881097674,0.8083203107327853,0.63443270481005,0.5665285235226029,0.5212978189924462,0.4883363666877993,0.4795923937090968,0.47091998911779814,,,,,,,,,,,,,,
63,0.7689986959947742,0.8364854362240529,0.9558223778182455,1.1092270051947744,1.255555607975648,1.362107051076631,1.4057826194919787,1.4250215483711492,1.4156733360624258,1.418232282961532,1.3954356494581661,1.3730940966648202,1.343273506274891,1.332274858029332,1.3415367614370923,1.3392090558714138,1.3303285446042037,1.2898375361934522,1.299719973607058,1.3144418308517773,1.373438753972323,1.3994790586887678,1.424868569165711,1.430242521489172,1.4023620557204315,1.3767321016354424,1.3478821611965282,1.36419273095617,1.3469431028218306,1.348939958376874,1.348755558268086,1.35225229150262,1.372404890364494,1.4006833576791418,1.4049447200108154,1.4101028505476774,1.40967188473399,1.4133295404671686,1.4094191728133476,1.417685764980386,1.4168394121303198,1.409204340031795,1.3746634498398058,1.3966360002083147,1.4070896557628523,1.3930555920941368,1.3913222931488283,1.365770005065934,1.3905540042317943,,,,,,,,,,,,,,,,,
64,0.3165635365454963,0.3899136235356504,0.4898096165029407,0.6081017718025377,0.7415185166345993,0.8934031655201013,1.0288983592475314,1.1518400304466936,1.240761599359339,1.312604165151571,1.3609543088243037,1.386099933863396,1.4010699583044528,1.4138627364846998,1.4276528007953504,1.4368625487052786,1.4530403925164215,1.4922446008049408,1.5333440413049748,1.5722499706962654,1.6237915058137289,1.6587242996835199,1.706480446067011,1.7368799485141653,1.7678648932270578,1.7953713559777706,1.8240374195789464,1.8757080485674558,1.9445326086533907,2.038712762340126,2.084692841247338,2.147667221266259,2.178567462330798,2.2400709107600747,2.3288665144298437,2.345501156606288,2.3789386144509765,,,,,,,,,,,,,,,,,,,,,,,,,,,,,
65,0.25865946899982056,0.28212863009407013,0.30647270332834703,0.3308647182349403,0.3567294354251727,0.3891684810901429,0.4318485510057436,0.4847752427377921,0.5462012520241537,0.6270326881902718,0.7162518526590385,0.8160923729997972,0.904386247028959,0.9731068359359533,1.0383674097671178,1.1051767356897053,1.1846987242895035,1.289550851077625,1.393122925473983,1.501592181480793,1.6043736991377198,1.7289084158440775,1.8381663851471808,1.9591962689207738,2.071712344426078,2.2014055386729283,2.314463789988876,2.4727015988196106,2.6681030782748616,2.8423724559440298,2.93581394459307,3.044650072513426,3.095649156341325,3.1256121266031514,3.109128211887847,3.064148592117663,3.088091263138661,3.0051474621622742,2.9928261599959964,2.960729442797766,2.930775476359095,2.8819643320088306,2.654709416188615,2.0249355694804216,,,,,,,,,,,,,,,,,,,,,,
66,1.0087354130068757,1.082013078599639,1.1368501496042933,1.1932967448027727,1.2630873943716687,1.3369172109392782,1.3971507869189757,1.4343734929246341,1.4314973223024359,1.4061300044928273,1.3924459069073731,1.3845805782440916,1.380420462887286,1.374969520332672,1.3766396571857529,1.3601366284466747,1.3215778336795905,1.2822120499213752,1.2575494979694122,1.2305950926337694,1.2064755736321118,1.1869902552124034,1.1939642165261848,1.2098040871384756,1.2367717799152402,1.255765093947662,1.249379766450551,1.2609024796340689,1.2387284976422352,1.262459388722822,1.2750451130741223,1.319159756867166,1.3749695203326722,1.4479041509336203,1.511070429873077,1.577214684407348,1.6525087323140957,1.7529501856757472,,,,,,,,,,,,,,,,,,,,,,,,,,,,
67,0.7373001371469805,0.7918307849233918,0.8560357474761463,0.9294578834320374,1.008087494424055,1.0874653675169692,1.1651101982108139,1.2400763995053223,1.3091106409126967,1.3702011301721841,1.4214040458589563,1.4669191274498299,1.5014984396257227,1.526256335905849,1.5437989254197455,1.5554132514906118,1.562872669955896,1.5696835408456224,1.577008566922305,1.5809318975245288,1.580433625293802,1.5572896359785202,1.5483197958425943,1.5396364777055218,1.5242379775578778,1.5082053089496674,1.4856580429677737,1.4640354120738124,1.4394500134237904,1.4190313570497395,1.4024832982539586,1.381931995115191,1.3617073072906396,1.3405811159696148,1.3256087918657942,1.3107068502506587,1.3024108707250812,1.269302912871683,1.2280486514776006,1.201728019202161,1.222790668073175,1.216685950938575,1.2023075323810064,1.193038045675149,1.1286487428049559,1.1134404666351776,1.157172070442266,1.2260154923684663,1.2415096897588376,1.2523657464918008,1.3023403490159657,1.0981403852087515,1.203803592873151,1.2549022618294368,1.5554865594635183,1.7424866443428202,1.3736425425498286,1.3969786354367326,0.8447304373645265,0.7869852602746288,0.9664785498403488,0.9548376923556419,0.9342232818971934,0.9013699180442001,0.8667227559065114,0.8445427071263849
68,0.5429044639740706,0.6372680643988411,0.7551817300062378,0.893176455624545,1.0360422999273948,1.2004824288917462,1.3909583823072904,1.6105806920208598,1.8305788087954924,2.0161634656258247,2.138790128482502,2.2062198135457107,2.2202729087272233,2.1903796207761617,2.1289218035135624,1.996621503265944,1.8206647076558724,1.6298190666574899,1.4685444508341228,1.3297903194416547,1.176632699482684,1.0213473400466997,0.9291632027227251,0.8690917573425222,0.787321993986133,0.7329396805970657,0.6148356277692418,0.5098623059180372,0.45208231801650234,0.41995828731845275,0.41475543334556786,0.42086264934301343,0.4307002175798447,0.4430826647045741,0.43912296872173623,0.4120920740952106,0.3883239780681933,0.36831277860010647,0.36231324585374003,0.3597963687016058,,,,,,,,,,,,,,,,,,,,,,,,,,
69,0.744370405847259,0.8512790357900072,0.9765289152125257,1.085457939154022,1.1773403957517135,1.253539269310425,1.3112671791808799,1.3821318711092108,1.4219985766125876,1.4372439489237143,1.4614856913922423,1.5020437537192899,1.549878594059822,1.5863785505664898,1.5739201218146441,1.5517971952291063,1.538683302876751,1.5273675286892225,1.507455039332383,1.4695275093136617,1.4788412281248513,1.4961639542394027,1.5113758312389014,1.5099096802375707,1.436880666129882,1.3878599080081462,1.3066242530182077,1.2439691697600497,1.1957896538664528,1.1645146591954763,1.1425250631862705,1.1123885549802977,1.0667486556170915,1.0367781910036205,1.0128165406321505,1.000476104562644,0.9915869237190977,0.969315589551373,0.9508971803872814,0.893499403923087,0.8523051227277336,0.8091717621520945,0.7780848342321988,0.7596263025460044,0.7405589828258665,0.7342989061804971,0.7326416203083513,,,,,,,,,,,,,,,,,,,
70,0.6019475422706185,0.6680809024842489,0.750527929125037,0.8505836400414971,0.99112706927632,1.1522279540058005,1.3486322783388864,1.5452349063080737,1.7523323553953618,1.9354742530952767,2.0895439309823094,2.1977328115109382,2.229738735830354,2.230994208783404,2.1899589514868545,2.1131089443763424,2.02180709729972,1.9224650265262437,1.8084441251563959,1.6928830884708883,1.5852282181437904,1.4779185127839132,1.3501137226109692,1.2770927381677653,1.1986058325556521,1.0998451207914441,1.0179830969120478,0.9567412899660702,0.8807528178701403,0.8378986288023632,0.7911586566849542,0.7425862105316203,0.7171451101698344,0.6654791804459745,0.6299985685482306,0.6118322249753935,0.5716912745039856,0.5500138794170961,0.5328767060313262,0.5158053887157743,0.5064124442142004,0.49296979636766336,0.467930572284516,0.4756148307280542,0.4543107702399433,0.4584906728156213,,,,,,,,,,,,,,,,,,,,
71,0.6321027522190718,0.6971574358642024,0.7711085586375855,0.847600785703768,0.9250424327397496,1.014789611539448,1.1126729143735936,1.210871948748471,1.3037761570092081,1.37835318228185,1.4498758463389234,1.5255769296668542,1.6153294898479342,1.6923847809251271,1.771846873232464,1.829576895430116,1.8872601884297893,1.9259386282416544,1.9302244932362453,1.9183337886274217,1.8645897862969438,1.8053204389744906,1.729049983149097,1.6567494910411054,1.6065553871222078,1.5604352460902462,1.5248550564161376,1.4821763459953532,1.4441557401273182,1.3829714224935739,1.3484507986401832,1.2916463578672086,1.26349171531926,1.2288917589230306,1.1759446174564023,1.1285499886129147,1.0923675999191216,1.055877026471618,1.027470081669327,0.9915215658978721,0.9506125414912592,0.9388389225381676,0.8924190434394095,0.8595467800758027,0.8168402677621547,0.7720742217740562,0.7333497217376838,0.6993121714482291,0.685071749454979,0.6739271380901705,0.6668921823992676,0.6751803032099036,0.6824724710416317,0.6922734754430658,,,,,,,,,,,,
72,0.6874754785980128,0.8291235483803726,1.0033751264704032,1.1979191567634817,1.3819056352247732,1.5326637622642627,1.64127522109984,1.746475078746635,1.820432752535609,1.8273707475788812,1.8163534737150815,1.8236317849913057,1.7971971682432901,1.7876690339500925,1.7248822529206107,1.6201485574613081,1.496935513636539,1.3889629783292838,1.2909027817498306,1.2057438261595086,1.1264069103432042,1.0551344708444859,0.9891166489259665,0.9525943024321408,0.9346372806210088,0.9101959194861458,0.8957519841517051,0.8943987005068773,0.8938306590363558,0.8874154099037603,0.8970559259808222,0.8990187105187663,0.8948507522054333,0.9037681007760698,0.9047488521080926,0.9088236903886783,0.9154815973809816,0.9099717609610334,0.8536947316522702,,,,,,,,,,,,,,,,,,,,,,,,,,,
73,0.9073694511488628,0.9346043025588369,0.9646729868472672,1.0067909787639484,1.05922084013499,1.1271066812791353,1.2005687444540358,1.2580222183243832,1.305161598118972,1.324965648380297,1.3284199558616485,1.3281579553514744,1.3308354149119017,1.3260327738728035,1.3494607614706717,1.3924536458205463,1.4447096111846212,1.4935611633349735,1.5239392997193693,1.5453888782335028,1.5829717077494103,1.6276600029307196,1.6946705443939272,1.7488006536325844,1.784664506340562,1.7813318865965604,1.7522339352427985,1.7050335270210644,1.6493841179247832,1.5711792023548359,1.473071892199168,1.3688328751587704,1.2972488152769657,1.2376151233506503,1.2162993292664885,1.2045828029355368,1.1688395505791713,1.1118710004374095,1.070676514379553,0.9911888683428645,0.9123621221629193,0.8721721774799227,0.8041620939236526,0.7345690031762044,0.6671468388211055,0.6115210199338713,0.5776147955957979,0.5592643614634524,0.5242013618102466,0.5084744129334866,,,,,,,,,,,,,,,,
74,0.46122876771598414,0.4881048425806466,0.5229895876123403,0.5613671249184586,0.6098865731337687,0.6607359396035457,0.7245836831829273,0.7931304370498491,0.8625063364989444,0.9375552018429247,1.03146871505256,1.1397999036657913,1.265283270946304,1.3808777369567646,1.4933471781892242,1.5950221084683758,1.706170854563193,1.838445025804771,1.9949908352218462,2.1424010392413027,2.2357629623800275,2.276831364986703,2.3339328390037823,2.3366942976115084,2.2697023669182532,2.178005688509912,2.077062418255432,1.93860583740209,1.838969010796652,1.7533036761396021,1.6791581817573396,1.5826997700447065,1.5106917059858973,1.418497968196434,1.3413016558327513,1.2445026827122052,1.160738862850813,1.0625439050274224,1.005891204945913,0.946700050941471,0.9091361018237873,0.8472200081524843,0.7939435858068487,0.7518088829965842,0.7114843187532802,0.6917739740287626,0.6800326324828735,0.6768681675409169,0.6879355060463082,0.718674559743895,0.7455179864766467,0.7845653358886494,0.8391896186561778,0.8866423674741277,1.0238255849788591,,,,,,,,,,,
75,0.3174730191794116,0.3517027795550242,0.39021502051534057,0.43441780588939855,0.490052767190338,0.5537554760254805,0.6416284412584914,0.7540900146594575,0.8966438987956235,1.071910175460292,1.2778223030221836,1.5143716694282279,1.7263057054592537,1.901186781402647,2.04908329983716,2.1662548782498763,2.284565659802149,2.379562107338989,2.47381498990324,2.525220006937113,2.5304080087269787,2.4496261604070395,2.276153413495528,2.1021779795081197,1.9111826472327846,1.7510903831802245,1.6170033855463197,1.48542461487786,1.3656938545055328,1.2382208173713596,1.1236285341842354,1.004434729537886,0.9076555710294244,0.8009654087915175,0.7403306880061865,0.68599628114235,0.6665873149252035,0.641241543952799,0.6147658198828411,0.5709012374452732,0.5183901576034968,0.5064601916185864,0.48820405861012545,0.48599848509740484,0.5039641030249156,0.5128182590120869,,,,,,,,,,,,,,,,,,,,
76,0.36107225107848345,0.4029307469914012,0.45045466320866595,0.5013140960159589,0.5557487469088385,0.6163076999039668,0.6985821880594354,0.8160963395544909,0.985610121072222,1.185123286289308,1.3944389719022579,1.5929704189030058,1.818554855495049,2.040559815805296,2.2235114143365102,2.339825589301563,2.373219352797758,2.3532408862860943,2.2867495831360984,2.161554122968983,2.004121724459576,1.8911966047009146,1.7894696160227266,1.7593425959386912,1.7161577652347353,1.6381878597171131,1.5902732086584048,1.5090908267807932,1.395902824973159,1.321394462742505,1.1954727660866222,1.0556122633971676,0.9284941921448698,0.827681198566515,0.7479950457375802,0.6630038093179584,0.6282545700060552,0.6095080008331251,0.6000609767099939,0.6004699387932464,0.6008536632964151,0.6050620329222113,0.6096261454349535,0.6336530265647032,0.6334934277166192,,,,,,,,,,,,,,,,,,,,,
77,0.8831441562291643,1.0037035531191936,1.1301381450910326,1.2458056726139357,1.3611781944870758,1.4583479249273599,1.546738694614601,1.636977903624532,1.7205341827189249,1.813344109560754,1.9094405764286921,1.973103026417384,1.9987191387040248,1.9916225643336791,1.9312085688108824,1.846221434009695,1.761199787209503,1.6594550546589293,1.6106012933637934,1.5689462601009339,1.5155762001827313,1.419001662168101,1.324073522273617,1.2192290709748,1.1031813845215779,1.0010197345414842,0.8786064726362013,0.7821558170783929,0.7005176283744847,0.6652879588230609,0.6305737872767698,0.6139531493632645,0.5902293467100409,0.5791704049338235,0.5583852410763837,0.5522645504208046,0.5503936305243419,0.5419517364382633,0.5310477035557636,0.527596183784392,0.5218264342340682,0.5198399652884658,0.5135858212339762,0.5018127212161143,0.5168725543759136,,,,,,,,,,,,,,,,,,,,,
78,0.6047860412880323,0.637044360138963,0.6691733114404214,0.7187852940586348,0.7833512818843846,0.8633355308031908,0.9448480055800073,1.0132336152552868,1.0886457367038234,1.132518142258479,1.1482326685626498,1.1604597990245802,1.167636780514052,1.1708308608973323,1.162434376954484,1.1599674805770843,1.1600459849911735,1.1723126587583428,1.1858871861610425,1.1936606334771183,1.2236753879123683,1.2397961104473298,1.2824140372742392,1.3278509787063615,1.375759172647603,1.449703925220544,1.5132546815263048,1.6082233964322963,1.6669742169955257,1.7515442802378534,1.8003069571924717,1.8586017545386435,1.9130415601108133,1.9734765542052664,2.060539965481535,2.164573115798638,2.2700849705725283,2.399674074648598,2.550724128843456,2.7212543628265147,2.8966627473050557,3.14047951024846,3.4020722574806244,3.523737140630142,3.3088440950672426,,,,,,,,,,,,,,,,,,,,,
79,0.2587903549868933,0.2897885960263093,0.3285906236169771,0.38700893664442054,0.4691436240160932,0.5738341803797666,0.7077129433204452,0.8638765509605801,1.0450761631562182,1.235498754299866,1.407896315529282,1.5469022068474774,1.6413117763212817,1.7208092203456002,1.7715666116868272,1.7974210670356787,1.7878522761612208,1.791248162528792,1.786776112179787,1.7789356796136349,1.7628083477915355,1.7632769800062236,1.8163080069414148,1.9236499289456,2.0462322589502753,2.1077356430288217,2.1764879298078705,2.2198405423980985,2.2882399227172994,2.2988864685859136,2.2048242094566297,2.025897253821182,1.7442601378871836,1.4241845265073039,1.20099461546088,0.9271098101733423,0.6708595814134447,0.5260228109202858,0.43646357838808514,0.3745923694144654,0.34012867061978036,0.3173564709566434,0.3075437897279689,0.29257939041644015,0.28344437597403555,,,,,,,,,,,,,,,,,,,,,
80,0.32222490917434393,0.3754851927884578,0.4814626867517839,0.6618024570622414,0.905014990510742,1.1351350426825428,1.3051430597794835,1.4314750872427728,1.5608221150170936,1.6790873767750578,1.759544853895051,1.7390369229988665,1.6519726461915407,1.5843079460516518,1.5570363552359627,1.5436867057547512,1.5342609393618647,1.5391357330112034,1.5648042985944057,1.5777307328534933,1.5884686235134537,1.5648360435346742,1.5532641069987438,1.4994886688179365,1.4363483298095896,1.3639539049593012,1.278755275780585,1.2101522859014513,1.1525139475101327,1.1230383836498405,1.104974874012916,1.0991222437049086,1.0982125514034908,1.115361323535102,1.1423876815891294,1.1435823729714993,,,,,,,,,,,,,,,,,,,,,,,,,,,,,,
81,0.6777441072822648,0.7410954016020513,0.8468291480555492,1.0194358362402878,1.207668487846008,1.368477474936957,1.5047031931106238,1.6458997591918423,1.7736658632191373,1.858491446899482,1.8779292876067624,1.8510122521516679,1.8049612290658619,1.7407942903602711,1.6945961528290372,1.6463794582537956,1.629495621745667,1.6472641851776249,1.6727732409794338,1.6864943066564027,1.6846787174100308,1.6798055164512846,1.6600315553365836,1.6200919283334079,1.5744653330075098,1.5243182134550401,1.4685704049279567,1.3934039121071928,1.3182163739459631,1.2397810566383216,1.1872327060480077,1.145089199405663,1.0893999025145815,1.0575770980024943,1.034021795356764,1.0072980291725426,0.998342010884813,0.9813877120174314,0.974059624126181,0.975264567945587,0.9714330927859002,0.9665813075865024,0.9693126989940114,0.9845163439501007,0.9803504711979707,0.9807210424083402,0.9854473172438539,0.9773147770060376,0.968586674340972,0.9766414211512595,0.9808447511400288,0.972491241719408,0.9426750091160665,0.9404529937413263,,,,,,,,,,,,
82,0.6462509811738548,0.7159371613687004,0.8008426709099327,0.9002885813406157,0.9951676329227017,1.086162286088594,1.1722193682110138,1.255994976648683,1.3175689797740735,1.3602729714308444,1.3831568768080067,1.4095306917362396,1.4435463060011813,1.4716478267854953,1.4801398779990873,1.4779521180747806,1.473214518280817,1.486360018676881,1.4787334299508683,1.5065365520543847,1.5008971528791042,1.5117353681279773,1.466598225272683,1.4271520259544492,1.4021486169125663,1.3848705390817415,1.3431858561349632,1.3172860197569831,1.293619876727303,1.2949335766744599,1.3109070233338158,1.3227199509589738,1.3419717842210395,1.3618665250987982,1.3615055457953855,1.366817508926925,1.3775376655597862,1.3959107671214905,1.4143769209055075,1.4246442492991156,1.413558852492158,1.4603868672350884,1.514638524898831,1.5454526838875446,1.5608651451485396,1.5317406955739172,1.515184390705502,1.5236044335890622,1.5164106506504809,1.543268053988605,1.4955947854781173,1.3938033533105953,1.33100624471882,1.3878323475130592,,,,,,,,,,,,
83,0.5109595286972806,0.539085725600844,0.5890832375357009,0.6722655687945066,0.7804706189146424,0.9336429405562772,1.1350845858674838,1.3530492644148566,1.5712608100904675,1.743279847116563,1.8145220969412303,1.8064924752705744,1.7476306447073473,1.663085765082613,1.5930238734940698,1.5487369134266313,1.5300517759307357,1.519602554341295,1.518163156166975,1.4897320697089387,1.46524700046457,1.4361760844438156,1.4499875811224046,1.4756119728487862,1.523790804211961,1.553605402888985,1.569789657600483,1.6053217941155358,1.6952966181581064,1.7727173382294905,1.826105857481715,1.8864532157051184,1.8631543002977207,1.797700980248975,1.705020964149843,,,,,,,,,,,,,,,,,,,,,,,,,,,,,,,
84,0.7245266914392248,0.7783674807242537,0.8551403072034099,0.941222739753626,1.0608542447842213,1.2105235521279756,1.3662936713118108,1.5006354052605624,1.6161340112310831,1.7110836243765728,1.7997388710644115,1.881639303575495,1.9123148354253277,1.9219415251180751,1.9242948023986755,1.887236377193607,1.8449069991845697,1.7897631357569053,1.759239062071295,1.7534426971963368,1.7438828483080113,1.7378850405493083,1.7318319297820925,1.7122589794369065,1.6719123607194553,1.6252746260514883,1.5592559320631125,1.491052211340707,1.3951318239664419,1.2733725436030807,1.1685867831578027,1.1040130590452004,1.0686409099092482,1.019561372496583,0.9994721750851042,0.988968532162716,0.9828400358508704,0.982517570503274,0.9730746035403001,0.9513829747378921,0.8984462595783113,0.8422160687239427,0.7899053184863256,0.7814646950538425,0.7687501704306525,0.7528638464411516,0.7584483371469932,0.7629997064787307,0.7576819624452558,0.7609737511741933,,,,,,,,,,,,,,,,
85,0.2200499456710448,0.2285390087569186,0.24088496938331994,0.26034979412305137,0.28685340206017335,0.32230172308386457,0.3668105401816711,0.42413119746961037,0.4988050983724134,0.5965244712747865,0.7235426511283911,0.877121153910104,1.0528725117362379,1.2675033735138683,1.475722463304405,1.6763334166217239,1.843255642735863,1.9889757712073957,2.128028436375687,2.30881831048892,2.4756852772430853,2.64633238709083,2.7746226570867636,2.8498823107527826,2.8681827861756735,2.844380218599079,2.766065297964062,2.625803431379316,2.437157520682886,2.244358914681215,2.049032107517283,1.8703731931202454,1.7148137648065065,1.5971378573217392,1.476596752349221,1.3700372334585147,1.2989838221659507,1.2140097454235148,1.1299401433569072,1.0208626957805516,0.9182279593449979,0.801518013458008,0.7401280341278778,0.6707323300153933,0.6298514248513167,0.5910061313291343,0.5645756411180538,0.5398712335158098,0.514363990172673,0.5082337044861759,0.5016627016710621,0.49819050689205424,,,,,,,,,,,,,,
86,0.696740974564914,0.7473354543223691,0.8081211636236264,0.8730890244588764,0.954399031351577,1.030422120141137,1.1173987276191828,1.2023969882515717,1.2759459687697752,1.3606373300269021,1.416438096307877,1.4918071531827564,1.553294717914305,1.6254098955838852,1.6835700912907932,1.7100362767024848,1.715685382739577,1.699003574559302,1.6958746588054836,1.6847798599295478,1.6901776003369462,1.6930709236241497,1.704258365495847,1.7273068583560247,1.7537181513437734,1.7840649083325197,1.7869564779154008,1.7849991675759813,1.7076096363798803,1.626846515656925,1.5054891407243474,1.3898214508996332,1.3012273197721183,1.2099100543285493,1.148657476200547,1.091268449289775,1.0669641947533004,1.039188051088641,1.0423635818363288,1.0449739229189563,1.0214561283569181,0.9987711722937602,0.9765926372275149,0.94470911891434,0.9483600911586187,0.9000791790088225,0.6883006756535246,,,,,,,,,,,,,,,,,,,
87,0.34051076941149033,0.3735001941434204,0.41184848036999894,0.4556755687744464,0.4988631250823237,0.548161445468515,0.6147112767497316,0.699818222982703,0.7891119782751774,0.8678011710828685,0.9201236862043892,0.9746980159656906,1.0207115479524798,1.079450632168524,1.142195296794027,1.2104853890408493,1.2758915883075868,1.3432135524893094,1.4210432120888905,1.512052512696254,1.5820179009371849,1.6857635878435617,1.7657339392139988,1.8539587718388992,1.9477528638480912,2.0604833245503262,2.1292847526067553,2.2041242310447062,2.2675469628018945,2.333818958818737,2.3764410606294644,2.423680317436511,2.4609978992981563,2.4805523252895476,2.5493433884585923,2.6327472381225627,2.705750237713844,2.792816308105412,2.8447125921386847,2.84592107505479,2.947516194236735,2.9957017942492437,3.049177974854977,2.875859123415609,,,,,,,,,,,,,,,,,,,,,,
88,1.0044760829836656,1.062941064268138,1.1288207058586177,1.2170366825901078,1.343467239572922,1.470267679136827,1.5804193517898684,1.6967872514504054,1.7821336997544979,1.849291415313201,1.879289477036537,1.8796376917927522,1.874409599254793,1.8342785745949284,1.7966769958687148,1.7441424808557309,1.7101536217561877,1.6763831349405074,1.6349280153914727,1.5810316553425587,1.519535870313994,1.4428468128311962,1.3722852368241711,1.3072134180062256,1.244550639460707,1.183415551089979,1.117491195478355,1.0362378888919164,0.9723514444947403,0.9119037137620256,0.8533918909683215,0.7893744040825654,0.7205135676650809,0.6692506464929827,0.634220616326796,0.6014293182853596,0.5805237078981618,0.563026801359769,0.5514521648923583,0.5287454902160398,0.5277453803335438,0.5189465316715205,0.5134291298857742,0.5170239303569477,0.5073222592154597,0.5069159467824219,0.5008231394152475,0.4940485730488128,,,,,,,,,,,,,,,,,,
89,0.9005988818316285,1.0206805903428955,1.161210119991019,1.274577499541319,1.3548717926535723,1.4121829515433033,1.4797310593974604,1.5268228681296505,1.5551209064127542,1.5513387853380485,1.5404535125767203,1.5197910433650885,1.504861828181296,1.4772765805447314,1.4377703683154477,1.3986148684601287,1.3537950979206057,1.3413625461615821,1.3393921529613124,1.3297789149309047,1.326570268352594,1.2898424814875717,1.2351730026902357,1.1693831378013515,1.0908167257638168,1.0136562533911053,0.9444401528585947,0.8934975018479395,0.8408981541384927,0.8039088999899727,0.7795765002949546,0.736553415857985,0.7050967800532036,0.7252397022087815,0.7998577055333304,,,,,,,,,,,,,,,,,,,,,,,,,,,,,,,
90,0.72516509162071,0.8160022830297156,0.923641461497982,1.03483923796055,1.1551544854846034,1.3109319447823473,1.4728491794547984,1.6185072463583206,1.7237367055115307,1.7896625681160232,1.8181521581230426,1.8208238421295342,1.8096344438191718,1.758968293073477,1.7126630422748823,1.6823880150555555,1.6748759226825527,1.6759685049289765,1.662463625059473,1.6287473443301723,1.5900233060256777,1.5289680793764997,1.4297463343139027,1.316229108372605,1.2027437308339184,1.1029102138742,0.9895174741516902,0.9056817690803998,0.8174974689209876,0.7556612005693564,0.697337017823513,0.6569904962453931,0.6290811823429172,0.6080117736441634,0.5955929531582175,0.5859275506744392,0.5833567681082741,0.570891348284645,0.5674938297994631,0.5494617894064903,0.5473068520264583,0.5473530601334825,0.5501482859820632,0.5394007576173204,0.5310795415962983,0.5221261603765047,0.5104443996687031,,,,,,,,,,,,,,,,,,,
91,0.6425214582471394,0.7422731464703012,0.8660121573944872,1.007228416251256,1.157719424939107,1.2854163509760317,1.4047169311253955,1.5082538506922394,1.6062767665609041,1.6917991068283944,1.797877998558928,1.916290177600408,2.024701253945477,2.0911003154991556,2.115133501170602,2.115280775528622,2.0883107279732105,2.0540609601101583,2.0057791031300067,1.9515314654024885,1.9053060008860836,1.8345753953393802,1.770445488925056,1.6974301591938803,1.6325598106383483,1.5556686907040012,1.48557882527137,1.4254463182727914,1.3545580287734413,1.2827286272507532,1.2112724555942225,1.13286111166503,1.0807254100922616,1.0309989789610157,0.9994747555726164,0.9771397880843681,0.9671090462162902,0.9711369464111658,0.98970130246176,1.0055674173136464,1.0053990979310765,0.994855313681336,1.0010858305819694,0.9908327493187215,0.9382689881097674,0.8083203107327853,0.63443270481005,0.5665285235226029,0.5212978189924462,0.4883363666877993,0.4795923937090968,0.47091998911779814,,,,,,,,,,,,,,
92,0.7689986959947742,0.8364854362240529,0.9558223778182455,1.1092270051947744,1.255555607975648,1.362107051076631,1.4057826194919787,1.4250215483711492,1.4156733360624258,1.418232282961532,1.3954356494581661,1.3730940966648202,1.343273506274891,1.332274858029332,1.3415367614370923,1.3392090558714138,1.3303285446042037,1.2898375361934522,1.299719973607058,1.3144418308517773,1.373438753972323,1.3994790586887678,1.424868569165711,1.430242521489172,1.4023620557204315,1.3767321016354424,1.3478821611965282,1.36419273095617,1.3469431028218306,1.348939958376874,1.348755558268086,1.35225229150262,1.372404890364494,1.4006833576791418,1.4049447200108154,1.4101028505476774,1.40967188473399,1.4133295404671686,1.4094191728133476,1.417685764980386,1.4168394121303198,1.409204340031795,1.3746634498398058,1.3966360002083147,1.4070896557628523,1.3930555920941368,1.3913222931488283,1.365770005065934,1.3905540042317943,,,,,,,,,,,,,,,,,
93,0.3165635365454963,0.3899136235356504,0.4898096165029407,0.6081017718025377,0.7415185166345993,0.8934031655201013,1.0288983592475314,1.1518400304466936,1.240761599359339,1.312604165151571,1.3609543088243037,1.386099933863396,1.4010699583044528,1.4138627364846998,1.4276528007953504,1.4368625487052786,1.4530403925164215,1.4922446008049408,1.5333440413049748,1.5722499706962654,1.6237915058137289,1.6587242996835199,1.706480446067011,1.7368799485141653,1.7678648932270578,1.7953713559777706,1.8240374195789464,1.8757080485674558,1.9445326086533907,2.038712762340126,2.084692841247338,2.147667221266259,2.178567462330798,2.2400709107600747,2.3288665144298437,2.345501156606288,2.3789386144509765,,,,,,,,,,,,,,,,,,,,,,,,,,,,,
mean,0.6982596347358334,0.7553502479346433,0.8242863460538128,0.9039202568453063,0.9902932774706806,1.0779139061511611,1.164380043377062,1.2488994727620728,1.3274450862541174,1.396375577978701,1.4531532257469486,1.5020058031262538,1.5383852421530209,1.564543185139402,1.582239165170263,1.5914240936184316,1.5959119432909472,1.5996173922661348,1.6044595653957263,1.605671514972257,1.6024067077449935,1.5803410784104241,1.5678343562129238,1.555504917102423,1.5356348694657143,1.5141592688170584,1.485106148519466,1.4576215300421609,1.4275195401352008,1.4023483725434678,1.3779203881288489,1.350445842691318,1.3235005194162013,1.2970855178311662,1.2793328412552938,1.2603393815850057,1.2497338685869683,1.206753565429595,1.172151157278371,1.1507222151405543,1.1717204771708998,1.16462187160549,1.1535645245953576,1.1409338918009841,1.0588729177086231,1.0268825536345536,1.061759685507986,1.1285256597254882,1.144010135983584,1.1323533538768376,1.1933056344522035,1.0201537947255297,1.1501261703489454,1.193101824987983,1.5023204620150523,1.7424866443428202,1.3736425425498289,1.3969786354367326,0.8447304373645265,0.7869852602746287,0.9664785498403488,0.9548376923556419,0.9342232818971934,0.9013699180442001,0.8667227559065114,0.8445427071263849
